DATE,TIME,DATE & TIME,IMPORT,EXPORT,NORMALISED GHI,GHI,AIR TEMP,CLOUD OPACITY,RELATIVE HUMIDITY,WIND DIRECTION (10m),WIND SPEED (10m)
1-Feb-22,0:00:00,1/2/2022 0:00,0.564,0,0,0,25,67.9,84.8,31,3.8
1-Feb-22,0:30:00,1/2/2022 0:30,0.471,0,0,0,24.7,79.1,84.9,33,4.2
1-Feb-22,1:00:00,1/2/2022 1:00,0.417,0,0,0,24.5,81.1,84.8,36,4.4
1-Feb-22,1:30:00,1/2/2022 1:30,0.425,0,0,0,24.2,64.2,85.5,38,4.3
1-Feb-22,2:00:00,1/2/2022 2:00,0.419,0,0,0,24.1,66.4,86.9,40,4.1
1-Feb-22,2:30:00,1/2/2022 2:30,0.423,0,0,0,23.9,45.2,88,42,4
1-Feb-22,3:00:00,1/2/2022 3:00,0.422,0,0,0,23.8,79.8,88.9,44,3.9
1-Feb-22,3:30:00,1/2/2022 3:30,0.416,0,0,0,23.8,96.4,89.7,43,3.9
1-Feb-22,4:00:00,1/2/2022 4:00,0.417,0,0,0,23.7,97,90.6,41,3.8
1-Feb-22,4:30:00,1/2/2022 4:30,0.413,0,0,0,23.6,96.6,91.3,41,3.8
1-Feb-22,5:00:00,1/2/2022 5:00,0.437,0,0,0,23.6,94,92.1,41,3.9
1-Feb-22,5:30:00,1/2/2022 5:30,0.401,0,0,0,23.5,90.8,92.6,41,4
1-Feb-22,6:00:00,1/2/2022 6:00,0.417,0,0,0,23.5,84.7,93,42,4
1-Feb-22,6:30:00,1/2/2022 6:30,0.343,0,0,0,23.5,51.7,93.2,42,4
1-Feb-22,7:00:00,1/2/2022 7:00,0.421,0,0,0,23.5,30.7,93.2,40,4
1-Feb-22,7:30:00,1/2/2022 7:30,0.39,0,0,0,23.5,28.4,93,38,3.9
1-Feb-22,8:00:00,1/2/2022 8:00,0.257,0,0,28,23.7,29.4,92.5,38,3.7
1-Feb-22,8:30:00,1/2/2022 8:30,0.25,0,0,104,24.2,21.3,90.6,39,3.8
1-Feb-22,9:00:00,1/2/2022 9:00,0.248,0,0,237,24.9,5.9,87.4,41,4.1
1-Feb-22,9:30:00,1/2/2022 9:30,0.241,0,0,340,25.6,9.3,83.6,42,4.3
1-Feb-22,10:00:00,1/2/2022 10:00,0.242,0,0,484,26.4,2.9,79.5,41,4.5
1-Feb-22,10:30:00,1/2/2022 10:30,0.231,0,0,544,27.1,11.1,75.6,41,4.5
1-Feb-22,11:00:00,1/2/2022 11:00,0.222,0,0,686,27.8,4.1,72,40,4.5
1-Feb-22,11:30:00,1/2/2022 11:30,0.229,0,0,800,28.5,0,68.5,37,4.2
1-Feb-22,12:00:00,1/2/2022 12:00,0.275,0,0,872,29.2,0,65.2,31,3.8
1-Feb-22,12:30:00,1/2/2022 12:30,0.276,0,0,927,29.8,0,62.7,25,3.4
1-Feb-22,13:00:00,1/2/2022 13:00,0.275,0,0,962,30.3,0.1,60.9,16,2.9
1-Feb-22,13:30:00,1/2/2022 13:30,0.254,0,0,895,30.6,8.7,59.5,12,2.6
1-Feb-22,14:00:00,1/2/2022 14:00,0.277,0,0,890,30.8,8.9,58.6,13,2.4
1-Feb-22,14:30:00,1/2/2022 14:30,0.742,0,0,906,30.9,5.1,57.6,9,2.2
1-Feb-22,15:00:00,1/2/2022 15:00,1.326,0,0,871,31,4.6,56.5,358,2.1
1-Feb-22,15:30:00,1/2/2022 15:30,1.299,0,0,791,31,7.2,56.1,343,2.1
1-Feb-22,16:00:00,1/2/2022 16:00,1.322,0,0,751,30.8,3.1,56.3,325,2.4
1-Feb-22,16:30:00,1/2/2022 16:30,1.281,0,0,635,30.5,7.1,57.9,309,2.9
1-Feb-22,17:00:00,1/2/2022 17:00,0.598,0,0,466,30.1,19.3,60.9,295,3.5
1-Feb-22,17:30:00,1/2/2022 17:30,0.268,0,0,320,29.6,30.5,64.8,289,4.1
1-Feb-22,18:00:00,1/2/2022 18:00,0.265,0,0,181,28.9,45.8,69.6,287,4.6
1-Feb-22,18:30:00,1/2/2022 18:30,0.479,0,0,97,28.3,54.7,73.9,289,4.6
1-Feb-22,19:00:00,1/2/2022 19:00,0.47,0,0,27,27.6,69.1,77.4,293,4.3
1-Feb-22,19:30:00,1/2/2022 19:30,0.592,0,0,8,27,47.6,79.9,298,3.8
1-Feb-22,20:00:00,1/2/2022 20:00,1.181,0,0,0,26.6,45.7,81.3,305,3.2
1-Feb-22,20:30:00,1/2/2022 20:30,0.63,0,0,0,26.3,40.6,81.6,316,2.8
1-Feb-22,21:00:00,1/2/2022 21:00,1.352,0,0,0,26.3,49.5,80.9,330,2.6
1-Feb-22,21:30:00,1/2/2022 21:30,1.337,0,0,0,26.2,49.4,80.5,348,2.5
1-Feb-22,22:00:00,1/2/2022 22:00,0.496,0,0,0,25.9,39.4,80.5,8,2.8
1-Feb-22,22:30:00,1/2/2022 22:30,0.348,0,0,0,25.6,21.2,80.5,24,3.1
1-Feb-22,23:00:00,1/2/2022 23:00,0.373,0,0,0,25.2,18.7,80.5,38,3.5
1-Feb-22,23:30:00,1/2/2022 23:30,0.364,0,0,0,24.8,18.6,80.9,42,3.8
2-Feb-22,0:00:00,2/2/2022 0:00,0.335,0,0,0,24.5,19.6,81.8,40,4
2-Feb-22,0:30:00,2/2/2022 0:30,0.337,0,0,0,24.3,23.2,83.1,38,4.1
2-Feb-22,1:00:00,2/2/2022 1:00,0.259,0,0,0,24.2,24.5,84.6,38,4.2
2-Feb-22,1:30:00,2/2/2022 1:30,0.273,0,0,0,24.1,26,85.9,38,4.1
2-Feb-22,2:00:00,2/2/2022 2:00,0.316,0,0,0,23.9,27.7,87,38,3.8
2-Feb-22,2:30:00,2/2/2022 2:30,0.291,0,0,0,23.8,21.8,87.9,37,3.6
2-Feb-22,3:00:00,2/2/2022 3:00,0.222,0,0,0,23.7,24.7,88.5,36,3.6
2-Feb-22,3:30:00,2/2/2022 3:30,0.259,0,0,0,23.6,29,89,36,3.5
2-Feb-22,4:00:00,2/2/2022 4:00,0.268,0,0,0,23.6,32.5,89.5,37,3.3
2-Feb-22,4:30:00,2/2/2022 4:30,0.238,0,0,0,23.5,36.2,90.2,38,3.3
2-Feb-22,5:00:00,2/2/2022 5:00,0.26,0,0,0,23.4,36.3,90.9,39,3.3
2-Feb-22,5:30:00,2/2/2022 5:30,0.254,0,0,0,23.3,29.9,91.5,40,3.2
2-Feb-22,6:00:00,2/2/2022 6:00,0.236,0,0,0,23.3,30.1,91.8,41,3.2
2-Feb-22,6:30:00,2/2/2022 6:30,0.249,0,0,0,23.2,37.1,92,43,3.1
2-Feb-22,7:00:00,2/2/2022 7:00,0.231,0,0,0,23.1,35.4,92.2,46,2.8
2-Feb-22,7:30:00,2/2/2022 7:30,0.227,0,0,1,23.2,28.3,92.1,50,2.7
2-Feb-22,8:00:00,2/2/2022 8:00,0.232,0,0,32,23.4,25.5,91.9,56,2.7
2-Feb-22,8:30:00,2/2/2022 8:30,0.205,0,0,111,23.9,25.7,90.1,58,2.8
2-Feb-22,9:00:00,2/2/2022 9:00,0.194,0,0,241,24.7,10.2,86.9,56,3
2-Feb-22,9:30:00,2/2/2022 9:30,0.217,0,0,324,25.5,17.4,83,56,3.2
2-Feb-22,10:00:00,2/2/2022 10:00,0.292,0,0,447,26.3,13.2,78.7,58,3.6
2-Feb-22,10:30:00,2/2/2022 10:30,0.201,0,0,612,27.2,2.5,73.7,56,3.7
2-Feb-22,11:00:00,2/2/2022 11:00,0.216,0,0,726,28.2,0,68,53,3.6
2-Feb-22,11:30:00,2/2/2022 11:30,0.246,0,0,806,29,0.5,63.6,51,3.3
2-Feb-22,12:00:00,2/2/2022 12:00,0.168,0,0,871,29.8,0.9,60,51,2.8
2-Feb-22,12:30:00,2/2/2022 12:30,0.278,0,0,910,30.4,2.7,57.5,50,2.3
2-Feb-22,13:00:00,2/2/2022 13:00,0.295,0,0,891,30.8,8.1,55.9,48,1.7
2-Feb-22,13:30:00,2/2/2022 13:30,0.283,0,0,848,31.2,14,54.5,43,1.1
2-Feb-22,14:00:00,2/2/2022 14:00,0.765,0,0,802,31.5,18.3,53.2,30,0.6
2-Feb-22,14:30:00,2/2/2022 14:30,1.327,0,0,799,31.7,16.4,52.4,341,0.2
2-Feb-22,15:00:00,2/2/2022 15:00,1.295,0,0,677,31.7,25.6,52.1,234,0.3
2-Feb-22,15:30:00,2/2/2022 15:30,0.286,0,0,683,31.6,19.5,52.2,227,0.7
2-Feb-22,16:00:00,2/2/2022 16:00,0.279,0,0,656,31.4,14.9,52.8,229,1.2
2-Feb-22,16:30:00,2/2/2022 16:30,0.27,0,0,585,31,13.6,54.2,237,1.7
2-Feb-22,17:00:00,2/2/2022 17:00,1.141,0,0,487,30.6,14.8,56.5,246,2.3
2-Feb-22,17:30:00,2/2/2022 17:30,0.549,0,0,355,30.1,21.9,59.8,249,2.8
2-Feb-22,18:00:00,2/2/2022 18:00,0.629,0,0,263,29.4,20.5,64.1,251,3.3
2-Feb-22,18:30:00,2/2/2022 18:30,1.024,0,0,109,28.7,49.4,68.3,252,3.3
2-Feb-22,19:00:00,2/2/2022 19:00,0.363,0,0,42,28,50.7,72.4,253,3.1
2-Feb-22,19:30:00,2/2/2022 19:30,1.151,0,0,8,27.5,57.7,75.3,251,2.5
2-Feb-22,20:00:00,2/2/2022 20:00,1.343,0,0,0,27.1,58.2,76.8,243,1.6
2-Feb-22,20:30:00,2/2/2022 20:30,1.306,0,0,0,26.8,83.4,78,246,1
2-Feb-22,21:00:00,2/2/2022 21:00,0.462,0,0,0,26.6,75.9,78.9,285,0.7
2-Feb-22,21:30:00,2/2/2022 21:30,0.388,0,0,0,26.4,59.4,79.6,324,0.7
2-Feb-22,22:00:00,2/2/2022 22:00,0.38,0,0,0,26.4,33.5,80.1,356,0.8
2-Feb-22,22:30:00,2/2/2022 22:30,0.379,0,0,0,26.1,25.6,81.2,18,1.3
2-Feb-22,23:00:00,2/2/2022 23:00,0.377,0,0,0,25.8,32.9,82.7,26,2
2-Feb-22,23:30:00,2/2/2022 23:30,0.714,0,0,0,25.4,29.8,84,30,2.5
3-Feb-22,0:00:00,3/2/2022 0:00,0.37,0,0,0,25.1,29.5,84.9,32,2.9
3-Feb-22,0:30:00,3/2/2022 0:30,0.32,0,0,0,24.8,45.5,85.7,35,3.1
3-Feb-22,1:00:00,3/2/2022 1:00,0.277,0,0,0,24.5,42.2,86.4,39,3.2
3-Feb-22,1:30:00,3/2/2022 1:30,0.278,0,0,0,24.3,43.7,87.1,40,3.3
3-Feb-22,2:00:00,3/2/2022 2:00,0.273,0,0,0,24.2,48.5,87.9,39,3.5
3-Feb-22,2:30:00,3/2/2022 2:30,0.247,0,0,0,24.1,53.2,88.6,38,3.6
3-Feb-22,3:00:00,3/2/2022 3:00,0.261,0,0,0,24,33.5,89.3,36,3.7
3-Feb-22,3:30:00,3/2/2022 3:30,0.245,0,0,0,23.9,31.7,89.8,34,3.7
3-Feb-22,4:00:00,3/2/2022 4:00,0.261,0,0,0,23.9,33.3,90.2,30,3.7
3-Feb-22,4:30:00,3/2/2022 4:30,0.238,0,0,0,23.8,33.3,90.6,30,3.8
3-Feb-22,5:00:00,3/2/2022 5:00,0.235,0,0,0,23.7,34.4,91,32,3.8
3-Feb-22,5:30:00,3/2/2022 5:30,0.239,0,0,0,23.7,25.8,91.3,34,3.9
3-Feb-22,6:00:00,3/2/2022 6:00,0.224,0,0,0,23.6,21.1,91.6,37,3.9
3-Feb-22,6:30:00,3/2/2022 6:30,0.243,0,0,0,23.5,18.3,91.9,39,3.9
3-Feb-22,7:00:00,3/2/2022 7:00,0.218,0,0,0,23.4,15.5,92.1,41,3.9
3-Feb-22,7:30:00,3/2/2022 7:30,0.202,0,0,1,23.5,16,91.9,46,3.9
3-Feb-22,8:00:00,3/2/2022 8:00,0.237,0,0,37,23.6,9.6,91.3,53,4
3-Feb-22,8:30:00,3/2/2022 8:30,0.219,0,0,136,24,0.1,89.4,53,4.2
3-Feb-22,9:00:00,3/2/2022 9:00,0.217,0,0,256,24.7,0,86.4,48,4.5
3-Feb-22,9:30:00,3/2/2022 9:30,0.193,0,0,380,25.6,0.2,82.4,46,4.9
3-Feb-22,10:00:00,3/2/2022 10:00,0.296,0,0,445,26.5,11,77.6,47,5.1
3-Feb-22,10:30:00,3/2/2022 10:30,0.211,0,0,457,27.4,25.8,72.9,47,5.2
3-Feb-22,11:00:00,3/2/2022 11:00,0.224,0,0,527,28.3,26.7,68.2,48,5.1
3-Feb-22,11:30:00,3/2/2022 11:30,0.328,0,0,591,29.1,26.5,64.5,48,4.8
3-Feb-22,12:00:00,3/2/2022 12:00,0.419,0,0,690,29.8,21.1,61.5,48,4.4
3-Feb-22,12:30:00,3/2/2022 12:30,0.327,0,0,789,30.5,15.1,59,47,3.9
3-Feb-22,13:00:00,3/2/2022 13:00,0.237,0,0,896,31,7.2,57.1,46,3.4
3-Feb-22,13:30:00,3/2/2022 13:30,1.061,0,0,921,31.3,6.3,56.2,49,3
3-Feb-22,14:00:00,3/2/2022 14:00,1.252,0,0,859,31.3,12.3,56,57,2.8
3-Feb-22,14:30:00,3/2/2022 14:30,1.251,0,0,850,31.1,11.2,56.9,63,2.7
3-Feb-22,15:00:00,3/2/2022 15:00,0.651,0,0,685,30.7,25.3,58.6,67,2.5
3-Feb-22,15:30:00,3/2/2022 15:30,0.686,0,0,313,30.6,63.8,58.8,64,2.3
3-Feb-22,16:00:00,3/2/2022 16:00,0.903,0,0,150,30.8,81,57.6,53,2.3
3-Feb-22,16:30:00,3/2/2022 16:30,0.269,0,0,29,30.8,95.8,57.7,47,2.2
3-Feb-22,17:00:00,3/2/2022 17:00,0.282,0,0,22,30.4,96.3,59.3,43,2.1
3-Feb-22,17:30:00,3/2/2022 17:30,0.452,0,0,16,30,96.5,61.6,43,1.8
3-Feb-22,18:00:00,3/2/2022 18:00,0.35,0,0,14,29.5,95.8,64.7,52,1.4
3-Feb-22,18:30:00,3/2/2022 18:30,0.304,0,0,15,29,92.2,66.9,69,1.1
3-Feb-22,19:00:00,3/2/2022 19:00,0.404,0,0,27,28.7,69.6,68.2,93,1.1
3-Feb-22,19:30:00,3/2/2022 19:30,0.4,0,0,5,28.3,85.5,69.8,105,1.4
3-Feb-22,20:00:00,3/2/2022 20:00,0.41,0,0,0,27.9,86.5,71.8,107,1.8
3-Feb-22,20:30:00,3/2/2022 20:30,0.342,0,0,0,27.5,95,73.7,103,2
3-Feb-22,21:00:00,3/2/2022 21:00,0.684,0,0,0,27,89.4,75.6,94,2.1
3-Feb-22,21:30:00,3/2/2022 21:30,1.208,0,0,0,26.6,67.6,77,84,2.3
3-Feb-22,22:00:00,3/2/2022 22:00,0.34,0,0,0,26.3,51.7,78.2,74,2.6
3-Feb-22,22:30:00,3/2/2022 22:30,0.332,0,0,0,26.1,51.5,79,65,2.9
3-Feb-22,23:00:00,3/2/2022 23:00,0.364,0,0,0,25.8,49.3,79.7,57,3.3
3-Feb-22,23:30:00,3/2/2022 23:30,0.58,0,0,0,25.5,46.6,80.7,51,3.7
4-Feb-22,0:00:00,4/2/2022 0:00,0.648,0,0,0,25.2,48.3,82.1,47,3.9
4-Feb-22,0:30:00,4/2/2022 0:30,0.36,0,0,0,25,58.6,83.6,44,4
4-Feb-22,1:00:00,4/2/2022 1:00,0.273,0,0,0,24.7,62.6,85.2,44,4
4-Feb-22,1:30:00,4/2/2022 1:30,0.271,0,0,0,24.5,63,86.5,44,4.1
4-Feb-22,2:00:00,4/2/2022 2:00,0.255,0,0,0,24.4,68,87.6,44,4.3
4-Feb-22,2:30:00,4/2/2022 2:30,0.258,0,0,0,24.3,71.7,88.4,44,4.5
4-Feb-22,3:00:00,4/2/2022 3:00,0.179,0,0,0,24.2,68.6,88.9,45,4.6
4-Feb-22,3:30:00,4/2/2022 3:30,0.249,0,0,0,24.2,64.7,89.3,46,4.6
4-Feb-22,4:00:00,4/2/2022 4:00,0.215,0,0,0,24.1,66.4,89.6,46,4.5
4-Feb-22,4:30:00,4/2/2022 4:30,0.199,0,0,0,24.1,55.6,89.8,44,4.4
4-Feb-22,5:00:00,4/2/2022 5:00,0.238,0,0,0,24,48.2,89.9,40,4.2
4-Feb-22,5:30:00,4/2/2022 5:30,0.371,0,0,0,23.9,48.1,90.2,39,4
4-Feb-22,6:00:00,4/2/2022 6:00,0.238,0,0,0,23.8,48.5,90.7,41,3.7
4-Feb-22,6:30:00,4/2/2022 6:30,0.229,0,0,0,23.6,41.5,91.4,42,3.5
4-Feb-22,7:00:00,4/2/2022 7:00,0.268,0,0,0,23.4,60.2,92.2,43,3.5
4-Feb-22,7:30:00,4/2/2022 7:30,0.232,0,0,0,23.4,56.7,92.5,43,3.6
4-Feb-22,8:00:00,4/2/2022 8:00,0.235,0,0,31,23.6,26.7,92.4,43,3.8
4-Feb-22,8:30:00,4/2/2022 8:30,0.22,0,0,123,24.1,13.8,90,43,4.1
4-Feb-22,9:00:00,4/2/2022 9:00,0.219,0,0,262,25,0.4,85.6,44,4.5
4-Feb-22,9:30:00,4/2/2022 9:30,0.222,0,0,386,25.9,0,80.8,45,4.9
4-Feb-22,10:00:00,4/2/2022 10:00,0.192,0,0,507,26.8,0,75.8,46,5.4
4-Feb-22,10:30:00,4/2/2022 10:30,0.226,0,0,619,27.7,0,71.4,45,5.6
4-Feb-22,11:00:00,4/2/2022 11:00,0.216,0,0,712,28.5,1,67.7,42,5.7
4-Feb-22,11:30:00,4/2/2022 11:30,0.417,0,0,803,29.2,0.1,64.8,41,5.6
4-Feb-22,12:00:00,4/2/2022 12:00,0.354,0,0,862,29.6,1.4,62.8,41,5.3
4-Feb-22,12:30:00,4/2/2022 12:30,0.326,0,0,874,30.2,5.9,60.5,41,5
4-Feb-22,13:00:00,4/2/2022 13:00,0.243,0,0,912,30.7,5.4,58,40,4.7
4-Feb-22,13:30:00,4/2/2022 13:30,0.175,0,0,911,31.2,7,55.8,38,4.3
4-Feb-22,14:00:00,4/2/2022 14:00,0.154,0,0,881,31.6,9.7,53.8,32,3.8
4-Feb-22,14:30:00,4/2/2022 14:30,0.847,0,0,872,32,8.5,52.1,27,3.2
4-Feb-22,15:00:00,4/2/2022 15:00,1.216,0,0,748,32.3,17.8,50.7,21,2.5
4-Feb-22,15:30:00,4/2/2022 15:30,1.255,0,0,659,31.9,22.2,52.6,5,1.7
4-Feb-22,16:00:00,4/2/2022 16:00,1.257,0,0,650,31,15.6,57.9,316,1.2
4-Feb-22,16:30:00,4/2/2022 16:30,1.237,0,0,511,30,24.6,62.9,283,1.5
4-Feb-22,17:00:00,4/2/2022 17:00,0.379,0,0,431,29,24.5,67.2,276,1.9
4-Feb-22,17:30:00,4/2/2022 17:30,0.211,0,0,181,28.4,61.6,70.3,266,1.9
4-Feb-22,18:00:00,4/2/2022 18:00,0.211,0,0,51,28.1,83.7,72,249,1.6
4-Feb-22,18:30:00,4/2/2022 18:30,0.212,0,0,96,27.8,53.9,73.4,239,1.3
4-Feb-22,19:00:00,4/2/2022 19:00,0.304,0,0,25,27.5,73.8,74.7,243,0.7
4-Feb-22,19:30:00,4/2/2022 19:30,0.349,0,0,8,27.2,34.9,75.5,333,0.4
4-Feb-22,20:00:00,4/2/2022 20:00,1.37,0,0,0,27.1,55.4,76,13,1.3
4-Feb-22,20:30:00,4/2/2022 20:30,0.589,0,0,0,26.7,81,77.3,29,2.2
4-Feb-22,21:00:00,4/2/2022 21:00,0.356,0,0,0,26.2,74,79.3,42,3.3
4-Feb-22,21:30:00,4/2/2022 21:30,0.792,0,0,0,25.7,63.8,81.3,46,3.9
4-Feb-22,22:00:00,4/2/2022 22:00,0.761,0,0,0,25.3,48.6,83.3,48,4.1
4-Feb-22,22:30:00,4/2/2022 22:30,0.404,0,0,0,24.9,37,85.1,48,4.2
4-Feb-22,23:00:00,4/2/2022 23:00,0.628,0,0,0,24.7,44.4,86.7,46,4.3
4-Feb-22,23:30:00,4/2/2022 23:30,0.419,0,0,0,24.5,43,87.8,45,4.3
5-Feb-22,0:00:00,5/2/2022 0:00,0.621,0,0,0,24.4,51.2,88.5,44,4.3
5-Feb-22,0:30:00,5/2/2022 0:30,0.697,0,0,0,24.3,86.4,89.1,43,4.4
5-Feb-22,1:00:00,5/2/2022 1:00,0.311,0,0,0,24.2,83.3,89.8,42,4.4
5-Feb-22,1:30:00,5/2/2022 1:30,0.277,0,0,0,24.2,61.4,90.1,42,4.4
5-Feb-22,2:00:00,5/2/2022 2:00,0.281,0,0,0,24.2,39.7,89.9,43,4.5
5-Feb-22,2:30:00,5/2/2022 2:30,0.267,0,0,0,24.1,43.4,90,42,4.5
5-Feb-22,3:00:00,5/2/2022 3:00,0.266,0,0,0,24.1,67.9,90.3,39,4.5
5-Feb-22,3:30:00,5/2/2022 3:30,0.268,0,0,0,24,63.6,90.4,38,4.6
5-Feb-22,4:00:00,5/2/2022 4:00,0.25,0,0,0,24,68,90.2,40,4.6
5-Feb-22,4:30:00,5/2/2022 4:30,0.267,0,0,0,23.9,62.3,90.4,41,4.6
5-Feb-22,5:00:00,5/2/2022 5:00,0.25,0,0,0,23.7,67,91,41,4.6
5-Feb-22,5:30:00,5/2/2022 5:30,0.349,0,0,0,23.6,56.7,91.4,42,4.7
5-Feb-22,6:00:00,5/2/2022 6:00,0.217,0,0,0,23.6,49.4,91.6,44,4.6
5-Feb-22,6:30:00,5/2/2022 6:30,0.266,0,0,0,23.5,49.5,91.6,44,4.6
5-Feb-22,7:00:00,5/2/2022 7:00,0.299,0,0,0,23.5,89.5,91.3,43,4.6
5-Feb-22,7:30:00,5/2/2022 7:30,0.235,0,0,0,23.6,86.2,90.7,41,4.6
5-Feb-22,8:00:00,5/2/2022 8:00,0.228,0,0,20,23.8,54.6,89.6,40,4.5
5-Feb-22,8:30:00,5/2/2022 8:30,0.244,0,0,85,24.3,32.2,87.3,41,4.6
5-Feb-22,9:00:00,5/2/2022 9:00,0.233,0,0,185,25,20.9,84.1,44,4.7
5-Feb-22,9:30:00,5/2/2022 9:30,0.186,0,0,263,25.7,26.9,80.4,44,5
5-Feb-22,10:00:00,5/2/2022 10:00,0.43,0,0,368,26.5,23.3,76.4,43,5.3
5-Feb-22,10:30:00,5/2/2022 10:30,0.502,0,0,465,27.2,21.9,72.8,42,5.6
5-Feb-22,11:00:00,5/2/2022 11:00,0.253,0,0,285,27.9,57.7,69.7,39,5.8
5-Feb-22,11:30:00,5/2/2022 11:30,0.261,0,0,293,28.5,63.5,66.9,38,5.8
5-Feb-22,12:00:00,5/2/2022 12:00,0.24,0,0,674,29.1,21.1,64.5,37,5.8
5-Feb-22,12:30:00,5/2/2022 12:30,0.197,0,0,586,29.6,35.5,62.5,38,5.6
5-Feb-22,13:00:00,5/2/2022 13:00,0.217,0,0,399,30.1,57.8,60.7,40,5.3
5-Feb-22,13:30:00,5/2/2022 13:30,0.556,0,0,464,30.4,51.9,59.7,42,5.1
5-Feb-22,14:00:00,5/2/2022 14:00,1.193,0,0,537,30.5,43.9,59.2,45,5.1
5-Feb-22,14:30:00,5/2/2022 14:30,0.779,0,0,502,30.5,46.4,59.6,46,5
5-Feb-22,15:00:00,5/2/2022 15:00,0.272,0,0,550,30.2,38,60.8,47,4.9
5-Feb-22,15:30:00,5/2/2022 15:30,0.743,0,0,587,29.8,29.2,62.4,46,4.9
5-Feb-22,16:00:00,5/2/2022 16:00,1.223,0,0,552,29.5,26.3,64.5,44,5
5-Feb-22,16:30:00,5/2/2022 16:30,1.197,0,0,517,29,20.6,66.8,44,5
5-Feb-22,17:00:00,5/2/2022 17:00,0.396,0,0,413,28.5,25,69.3,45,4.8
5-Feb-22,17:30:00,5/2/2022 17:30,0.226,0,0,264,28.2,39.3,71.2,47,4.5
5-Feb-22,18:00:00,5/2/2022 18:00,0.239,0,0,206,27.9,32.7,72.4,50,4.2
5-Feb-22,18:30:00,5/2/2022 18:30,0.269,0,0,88,27.6,57,73.9,52,3.8
5-Feb-22,19:00:00,5/2/2022 19:00,0.351,0,0,21,27.2,72.9,75.6,53,3.4
5-Feb-22,19:30:00,5/2/2022 19:30,0.464,0,0,4,26.8,81.9,77,53,3.3
5-Feb-22,20:00:00,5/2/2022 20:00,0.426,0,0,0,26.4,94.2,78,52,3.7
5-Feb-22,20:30:00,5/2/2022 20:30,0.651,0,0,0,26,93.8,79.1,50,4
5-Feb-22,21:00:00,5/2/2022 21:00,1.329,0,0,0,25.8,90.6,80.4,49,4.2
5-Feb-22,21:30:00,5/2/2022 21:30,1.312,0,0,0,25.5,87.5,81.6,47,4.5
5-Feb-22,22:00:00,5/2/2022 22:00,1.188,0,0,0,25.3,65.2,82.6,46,4.8
5-Feb-22,22:30:00,5/2/2022 22:30,1.116,0,0,0,25.1,71.6,83.7,45,4.8
5-Feb-22,23:00:00,5/2/2022 23:00,0.797,0,0,0,24.9,56.5,85,45,4.6
5-Feb-22,23:30:00,5/2/2022 23:30,0.489,0,0,0,24.7,71.1,85.7,44,4.4
6-Feb-22,0:00:00,6/2/2022 0:00,1.129,0,0,0,24.6,82.3,86,44,4.2
6-Feb-22,0:30:00,6/2/2022 0:30,0.677,0,0,0,24.6,81.3,86.1,42,4.1
6-Feb-22,1:00:00,6/2/2022 1:00,0.542,0,0,0,24.6,82.9,86,40,4
6-Feb-22,1:30:00,6/2/2022 1:30,0.469,0,0,0,24.6,65.8,85.9,38,4
6-Feb-22,2:00:00,6/2/2022 2:00,0.425,0,0,0,24.6,67.9,85.8,37,4
6-Feb-22,2:30:00,6/2/2022 2:30,0.264,0,0,0,24.5,75,85.7,37,3.9
6-Feb-22,3:00:00,6/2/2022 3:00,0.249,0,0,0,24.5,86.7,85.6,36,3.8
6-Feb-22,3:30:00,6/2/2022 3:30,0.206,0,0,0,24.5,91.7,85.6,35,3.6
6-Feb-22,4:00:00,6/2/2022 4:00,0.242,0,0,0,24.5,86.1,85.7,34,3.5
6-Feb-22,4:30:00,6/2/2022 4:30,0.24,0,0,0,24.4,66.4,85.8,32,3.4
6-Feb-22,5:00:00,6/2/2022 5:00,0.185,0,0,0,24.3,74,86,32,3.2
6-Feb-22,5:30:00,6/2/2022 5:30,0.407,0,0,0,24.3,75.2,86.1,32,3.1
6-Feb-22,6:00:00,6/2/2022 6:00,0.225,0,0,0,24.2,68.5,86.3,34,3
6-Feb-22,6:30:00,6/2/2022 6:30,0.207,0,0,0,24.1,64.2,86.6,35,2.9
6-Feb-22,7:00:00,6/2/2022 7:00,0.251,0,0,0,24,89.4,86.9,37,2.8
6-Feb-22,7:30:00,6/2/2022 7:30,0.209,0,0,0,24,89.6,86.9,37,2.7
6-Feb-22,8:00:00,6/2/2022 8:00,0.273,0,0,17,24,65.4,86.4,37,2.7
6-Feb-22,8:30:00,6/2/2022 8:30,0.284,0,0,85,24.3,35.9,85.1,36,2.6
6-Feb-22,9:00:00,6/2/2022 9:00,0.255,0,0,157,24.7,35.9,82.9,34,2.4
6-Feb-22,9:30:00,6/2/2022 9:30,0.2,0,0,210,25.4,42.8,79.6,29,2.4
6-Feb-22,10:00:00,6/2/2022 10:00,0.197,0,0,254,26.2,48.5,75.4,23,2.6
6-Feb-22,10:30:00,6/2/2022 10:30,0.211,0,0,349,27.1,42.6,71,16,2.7
6-Feb-22,11:00:00,6/2/2022 11:00,0.332,0,0,498,28.1,29.7,66.6,8,2.8
6-Feb-22,11:30:00,6/2/2022 11:30,0.231,0,0,492,28.8,37.9,63.4,0,2.7
6-Feb-22,12:00:00,6/2/2022 12:00,0.36,0,0,620,29.4,28.5,61.2,351,2.6
6-Feb-22,12:30:00,6/2/2022 12:30,0.241,0,0,620,29.8,32.6,60,338,2.4
6-Feb-22,13:00:00,6/2/2022 13:00,0.636,0,0,589,30,38.4,59.6,320,2.2
6-Feb-22,13:30:00,6/2/2022 13:30,1.247,0,0,545,30,44,60.1,306,2.1
6-Feb-22,14:00:00,6/2/2022 14:00,0.876,0,0,566,29.8,41.6,61.5,295,2.1
6-Feb-22,14:30:00,6/2/2022 14:30,0.323,0,0,688,29.3,27.1,64.3,282,2.3
6-Feb-22,15:00:00,6/2/2022 15:00,0.295,0,0,758,28.5,15.8,68.6,272,2.8
6-Feb-22,15:30:00,6/2/2022 15:30,0.574,0,0,752,28,10.5,72.1,265,3.1
6-Feb-22,16:00:00,6/2/2022 16:00,1.214,0,0,662,27.7,13,74.4,261,3.1
6-Feb-22,16:30:00,6/2/2022 16:30,1.182,0,0,519,27.6,22.4,75.2,257,3.1
6-Feb-22,17:00:00,6/2/2022 17:00,0.252,0,0,353,27.9,37.6,74.3,254,3
6-Feb-22,17:30:00,6/2/2022 17:30,0.229,0,0,107,27.9,77,74.4,253,2.8
6-Feb-22,18:00:00,6/2/2022 18:00,0.284,0,0,21,27.7,93.4,75.3,254,2.4
6-Feb-22,18:30:00,6/2/2022 18:30,0.304,0,0,17,27.4,91.6,76.7,253,2
6-Feb-22,19:00:00,6/2/2022 19:00,0.581,0,0,11,27.1,86,78.5,250,1.6
6-Feb-22,19:30:00,6/2/2022 19:30,0.42,0,0,3,26.7,88.7,79.9,245,1.3
6-Feb-22,20:00:00,6/2/2022 20:00,0.976,0,0,0,26.3,90.4,80.8,240,1.1
6-Feb-22,20:30:00,6/2/2022 20:30,1.221,0,0,0,26.1,74.4,81.4,235,0.9
6-Feb-22,21:00:00,6/2/2022 21:00,0.341,0,0,0,26,82,81.5,231,0.7
6-Feb-22,21:30:00,6/2/2022 21:30,0.372,0,0,0,26,96.2,81.7,218,0.4
6-Feb-22,22:00:00,6/2/2022 22:00,1.026,0,0,0,25.9,95.9,82,163,0.2
6-Feb-22,22:30:00,6/2/2022 22:30,1.309,0,0,0,25.8,92.2,82.4,100,0.3
6-Feb-22,23:00:00,6/2/2022 23:00,0.458,0,0,0,25.7,89.3,83,83,0.6
6-Feb-22,23:30:00,6/2/2022 23:30,0.41,0,0,0,25.6,82.7,83.7,66,0.9
7-Feb-22,0:00:00,7/2/2022 0:00,0.703,0,0,0,25.4,92.7,84.4,51,1.3
7-Feb-22,0:30:00,7/2/2022 0:30,0.302,0,0,0,25.2,94.1,85.4,47,1.6
7-Feb-22,1:00:00,7/2/2022 1:00,0.279,0,0,0,25,96.2,86.4,47,1.8
7-Feb-22,1:30:00,7/2/2022 1:30,0.252,0,0,0,24.8,97,87.3,48,2
7-Feb-22,2:00:00,7/2/2022 2:00,0.27,0,0,0,24.6,97,88.1,51,2.2
7-Feb-22,2:30:00,7/2/2022 2:30,0.195,0,0,0,24.5,96.2,88.5,51,2.2
7-Feb-22,3:00:00,7/2/2022 3:00,0.265,0,0,0,24.3,93,88.7,47,2.1
7-Feb-22,3:30:00,7/2/2022 3:30,0.225,0,0,0,24.2,91.7,89,44,2.2
7-Feb-22,4:00:00,7/2/2022 4:00,0.216,0,0,0,24,93.9,89.3,42,2.3
7-Feb-22,4:30:00,7/2/2022 4:30,0.255,0,0,0,23.8,92.7,90,37,2.4
7-Feb-22,5:00:00,7/2/2022 5:00,0.227,0,0,0,23.6,88,91,30,2.5
7-Feb-22,5:30:00,7/2/2022 5:30,0.348,0,0,0,23.4,85.9,91.7,24,2.5
7-Feb-22,6:00:00,7/2/2022 6:00,0.325,0,0,0,23.3,85.9,92,19,2.5
7-Feb-22,6:30:00,7/2/2022 6:30,0.236,0,0,0,23.2,85.9,92.3,14,2.5
7-Feb-22,7:00:00,7/2/2022 7:00,0.239,0,0,0,23.2,88.1,92.4,9,2.4
7-Feb-22,7:30:00,7/2/2022 7:30,0.282,0,0,0,23.4,91.9,92.3,5,2.3
7-Feb-22,8:00:00,7/2/2022 8:00,0.315,0,0,15,23.6,72,91.9,0,2.2
7-Feb-22,8:30:00,7/2/2022 8:30,0.184,0,0,60,24.1,57.9,90.4,357,2.2
7-Feb-22,9:00:00,7/2/2022 9:00,0.202,0,0,116,24.8,56.5,88,355,2.4
7-Feb-22,9:30:00,7/2/2022 9:30,0.123,0,0,177,25.4,54.6,85.5,357,2.6
7-Feb-22,10:00:00,7/2/2022 10:00,0.195,0,0,270,26,47.7,83.1,0,2.7
7-Feb-22,10:30:00,7/2/2022 10:30,0.32,0,0,323,26.5,48.5,81.2,2,2.7
7-Feb-22,11:00:00,7/2/2022 11:00,0.21,0,0,301,26.8,58.5,79.8,3,2.6
7-Feb-22,11:30:00,7/2/2022 11:30,0.387,0,0,420,27.1,48.8,78.7,4,2.5
7-Feb-22,12:00:00,7/2/2022 12:00,0.304,0,0,536,27.3,39.7,77.8,5,2.4
7-Feb-22,12:30:00,7/2/2022 12:30,0.249,0,0,659,27.5,30.1,76.6,5,2.3
7-Feb-22,13:00:00,7/2/2022 13:00,0.202,0,0,790,27.8,19.3,75.2,4,2.2
7-Feb-22,13:30:00,7/2/2022 13:30,0.253,0,0,853,28.2,14.3,73,360,2.1
7-Feb-22,14:00:00,7/2/2022 14:00,0.395,0,0,832,28.7,16.1,70.2,351,2
7-Feb-22,14:30:00,7/2/2022 14:30,1.205,0,0,653,29.2,32.6,68,332,1.9
7-Feb-22,15:00:00,7/2/2022 15:00,1.252,0,0,366,29.6,60.5,66.4,304,2
7-Feb-22,15:30:00,7/2/2022 15:30,1.223,0,0,271,29.7,68.7,66.1,290,2.5
7-Feb-22,16:00:00,7/2/2022 16:00,0.982,0,0,187,29.6,76.3,67,284,2.9
7-Feb-22,16:30:00,7/2/2022 16:30,0.214,0,0,160,29.4,77.1,68.1,283,3.2
7-Feb-22,17:00:00,7/2/2022 17:00,0.212,0,0,69,29.2,88.4,69.4,286,3.3
7-Feb-22,17:30:00,7/2/2022 17:30,0.238,0,0,25,28.8,94.8,71.9,289,3.3
7-Feb-22,18:00:00,7/2/2022 18:00,0.254,0,0,20,28.2,94.5,75.7,294,3.1
7-Feb-22,18:30:00,7/2/2022 18:30,0.38,0,0,11,27.6,94.8,78.6,303,2.9
7-Feb-22,19:00:00,7/2/2022 19:00,0.429,0,0,10,27,91.4,80.6,317,2.7
7-Feb-22,19:30:00,7/2/2022 19:30,1.261,0,0,1,26.6,94.8,81.6,331,2.5
7-Feb-22,20:00:00,7/2/2022 20:00,0.363,0,0,0,26.4,89.7,81.7,345,2.2
7-Feb-22,20:30:00,7/2/2022 20:30,0.629,0,0,0,26.2,85,82.4,1,2.1
7-Feb-22,21:00:00,7/2/2022 21:00,0.329,0,0,0,25.9,89.2,83.8,16,2.1
7-Feb-22,21:30:00,7/2/2022 21:30,0.564,0,0,0,25.7,96.6,84.8,30,2.2
7-Feb-22,22:00:00,7/2/2022 22:00,0.881,0,0,0,25.6,95.6,85.4,41,2.5
7-Feb-22,22:30:00,7/2/2022 22:30,1.261,0,0,0,25.3,97,86.4,48,2.5
7-Feb-22,23:00:00,7/2/2022 23:00,1.186,0,0,0,25.1,97,87.7,52,2.4
7-Feb-22,23:30:00,7/2/2022 23:30,1.252,0,0,0,24.9,91.3,88.2,50,2.3
8-Feb-22,0:00:00,8/2/2022 0:00,0.684,0,0,0,24.9,96,87.9,40,2.1
8-Feb-22,0:30:00,8/2/2022 0:30,0.68,0,0,0,24.9,95,87.8,31,2.1
8-Feb-22,1:00:00,8/2/2022 1:00,0.45,0,0,0,24.9,94.8,87.8,25,2.2
8-Feb-22,1:30:00,8/2/2022 1:30,0.274,0,0,0,24.8,95.7,87.6,17,2.3
8-Feb-22,2:00:00,8/2/2022 2:00,0.257,0,0,0,24.8,94.6,87.5,7,2.3
8-Feb-22,2:30:00,8/2/2022 2:30,0.327,0,0,0,24.8,89,87.1,358,2.3
8-Feb-22,3:00:00,8/2/2022 3:00,0.287,0,0,0,24.8,87.5,86.7,349,2.2
8-Feb-22,3:30:00,8/2/2022 3:30,0.265,0,0,0,24.8,86.2,86.6,344,2.2
8-Feb-22,4:00:00,8/2/2022 4:00,0.226,0,0,0,24.6,82.8,86.7,342,2.3
8-Feb-22,4:30:00,8/2/2022 4:30,0.233,0,0,0,24.5,79.2,87,344,2.4
8-Feb-22,5:00:00,8/2/2022 5:00,0.223,0,0,0,24.3,63.8,87.4,351,2.6
8-Feb-22,5:30:00,8/2/2022 5:30,0.257,0,0,0,24.3,54.3,87.5,355,2.6
8-Feb-22,6:00:00,8/2/2022 6:00,0.182,0,0,0,24.3,59.2,87.3,357,2.4
8-Feb-22,6:30:00,8/2/2022 6:30,0.223,0,0,0,24.3,49.2,87.2,0,2.5
8-Feb-22,7:00:00,8/2/2022 7:00,0.243,0,0,0,24.3,53.2,87.2,4,2.7
8-Feb-22,7:30:00,8/2/2022 7:30,0.231,0,0,0,24.3,74.2,87.3,9,2.7
8-Feb-22,8:00:00,8/2/2022 8:00,0.297,0,0,15,24.3,68.7,87.7,17,2.6
8-Feb-22,8:30:00,8/2/2022 8:30,0.199,0,0,74,24.4,44.2,87.7,23,2.4
8-Feb-22,9:00:00,8/2/2022 9:00,0.172,0,0,127,24.5,47.3,87.2,27,2.1
8-Feb-22,9:30:00,8/2/2022 9:30,0.198,0,0,124,24.8,66.6,86.2,30,1.9
8-Feb-22,10:00:00,8/2/2022 10:00,0.224,0,0,134,25.2,73.3,84.7,29,1.7
8-Feb-22,10:30:00,8/2/2022 10:30,0.244,0,0,330,25.7,46.1,82.4,31,1.6
8-Feb-22,11:00:00,8/2/2022 11:00,0.249,0,0,328,26.3,53.2,79.5,34,1.6
8-Feb-22,11:30:00,8/2/2022 11:30,0.403,0,0,328,26.6,59.1,78.7,33,1.7
8-Feb-22,12:00:00,8/2/2022 12:00,0.306,0,0,458,26.5,46.9,79.6,30,1.9
8-Feb-22,12:30:00,8/2/2022 12:30,0.258,0,0,361,26.4,60.6,80.4,30,1.9
8-Feb-22,13:00:00,8/2/2022 13:00,0.261,0,0,654,26.4,31.6,81,33,1.9
8-Feb-22,13:30:00,8/2/2022 13:30,0.214,0,0,738,26.3,24,81.4,35,1.9
8-Feb-22,14:00:00,8/2/2022 14:00,0.245,0,0,435,26.3,55.1,81.7,37,1.9
8-Feb-22,14:30:00,8/2/2022 14:30,0.251,0,0,483,26.2,48.8,81.9,36,1.7
8-Feb-22,15:00:00,8/2/2022 15:00,0.259,0,0,646,26.2,28.4,81.9,31,1.2
8-Feb-22,15:30:00,8/2/2022 15:30,0.372,0,0,730,26.1,13.3,82.1,24,0.8
8-Feb-22,16:00:00,8/2/2022 16:00,1.21,0,0,720,25.8,6.2,82.6,6,0.4
8-Feb-22,16:30:00,8/2/2022 16:30,1.107,0,0,538,25.7,20.7,82.4,335,0.1
8-Feb-22,17:00:00,8/2/2022 17:00,0.219,0,0,319,25.7,44.3,81.7,159,0.2
8-Feb-22,17:30:00,8/2/2022 17:30,0.172,0,0,196,25.6,57.2,81.4,144,0.5
8-Feb-22,18:00:00,8/2/2022 18:00,0.196,0,0,38,25.4,88.8,81.7,134,1
8-Feb-22,18:30:00,8/2/2022 18:30,0.23,0,0,24,25.1,87.8,83.3,111,1.2
8-Feb-22,19:00:00,8/2/2022 19:00,0.293,0,0,25,24.6,73.5,86.2,80,1.6
8-Feb-22,19:30:00,8/2/2022 19:30,0.311,0,0,2,24.3,88.6,88.2,64,2
8-Feb-22,20:00:00,8/2/2022 20:00,0.404,0,0,0,24.2,73.7,89.2,52,2.2
8-Feb-22,20:30:00,8/2/2022 20:30,1.064,0,0,0,24.2,76.9,89.7,48,2.4
8-Feb-22,21:00:00,8/2/2022 21:00,0.748,0,0,0,24.3,83.6,89.7,49,2.4
8-Feb-22,21:30:00,8/2/2022 21:30,0.324,0,0,0,24.3,76.9,89.9,48,2.4
8-Feb-22,22:00:00,8/2/2022 22:00,0.358,0,0,0,24.3,76.3,90.2,46,2.7
8-Feb-22,22:30:00,8/2/2022 22:30,1.19,0,0,0,24.2,71.2,90.6,43,2.8
8-Feb-22,23:00:00,8/2/2022 23:00,1.308,0,0,0,24.2,80.3,90.9,41,2.9
8-Feb-22,23:30:00,8/2/2022 23:30,0.979,0,0,0,24.1,74,91.2,41,2.9
9-Feb-22,0:00:00,9/2/2022 0:00,0.579,0,0,0,24.1,70.1,91.4,43,2.9
9-Feb-22,0:30:00,9/2/2022 0:30,0.679,0,0,0,24.1,75.3,91.4,44,3
9-Feb-22,1:00:00,9/2/2022 1:00,0.504,0,0,0,24.1,69.3,91.5,44,3.1
9-Feb-22,1:30:00,9/2/2022 1:30,0.252,0,0,0,24,82.4,91.7,44,3.1
9-Feb-22,2:00:00,9/2/2022 2:00,0.267,0,0,0,23.9,84.3,92.1,44,3.1
9-Feb-22,2:30:00,9/2/2022 2:30,0.247,0,0,0,23.7,90.2,92.7,43,3.1
9-Feb-22,3:00:00,9/2/2022 3:00,0.244,0,0,0,23.5,83.9,93.3,42,3.1
9-Feb-22,3:30:00,9/2/2022 3:30,0.247,0,0,0,23.4,72.7,93.8,41,3
9-Feb-22,4:00:00,9/2/2022 4:00,0.18,0,0,0,23.3,76.5,93.9,43,2.9
9-Feb-22,4:30:00,9/2/2022 4:30,0.249,0,0,0,23.3,76.8,93.9,45,2.7
9-Feb-22,5:00:00,9/2/2022 5:00,0.287,0,0,0,23.3,65.3,93.8,48,2.5
9-Feb-22,5:30:00,9/2/2022 5:30,0.247,0,0,0,23.3,79.6,93.7,50,2.4
9-Feb-22,6:00:00,9/2/2022 6:00,0.261,0,0,0,23.3,75.1,93.4,53,2.3
9-Feb-22,6:30:00,9/2/2022 6:30,0.19,0,0,0,23.4,76.1,93.2,54,2.3
9-Feb-22,7:00:00,9/2/2022 7:00,0.243,0,0,0,23.3,84,93.1,53,2.4
9-Feb-22,7:30:00,9/2/2022 7:30,0.266,0,0,0,23.4,66.9,93.1,53,2.4
9-Feb-22,8:00:00,9/2/2022 8:00,0.261,0,0,24,23.5,53.6,93.1,52,2.5
9-Feb-22,8:30:00,9/2/2022 8:30,0.226,0,0,97,23.8,34.8,92.2,51,2.7
9-Feb-22,9:00:00,9/2/2022 9:00,0.181,0,0,232,24.4,16,90.4,50,3
9-Feb-22,9:30:00,9/2/2022 9:30,0.167,0,0,379,25,5.5,88,48,3.2
9-Feb-22,10:00:00,9/2/2022 10:00,0.217,0,0,518,25.7,0.4,85.1,45,3.5
9-Feb-22,10:30:00,9/2/2022 10:30,0.325,0,0,596,26.4,5.9,82.3,44,3.6
9-Feb-22,11:00:00,9/2/2022 11:00,0.246,0,0,509,27,30.5,79.6,43,3.7
9-Feb-22,11:30:00,9/2/2022 11:30,0.217,0,0,475,27.6,42,76.8,42,3.6
9-Feb-22,12:00:00,9/2/2022 12:00,0.362,0,0,445,28.2,50.2,74,40,3.5
9-Feb-22,12:30:00,9/2/2022 12:30,0.329,0,0,617,28.7,35,71.4,38,3.3
9-Feb-22,13:00:00,9/2/2022 13:00,0.273,0,0,663,29.2,32.5,69,35,2.9
9-Feb-22,13:30:00,9/2/2022 13:30,0.21,0,0,718,29.4,28.2,67.9,31,2.8
9-Feb-22,14:00:00,9/2/2022 14:00,0.227,0,0,592,29.4,40.5,67.9,29,2.9
9-Feb-22,14:30:00,9/2/2022 14:30,0.251,0,0,233,29.3,76,68.6,29,2.9
9-Feb-22,15:00:00,9/2/2022 15:00,0.257,0,0,204,29.1,78,69.8,32,2.9
9-Feb-22,15:30:00,9/2/2022 15:30,0.659,0,0,361,28.8,57.6,71.3,35,2.9
9-Feb-22,16:00:00,9/2/2022 16:00,1.178,0,0,611,28.5,22.2,73.2,38,3
9-Feb-22,16:30:00,9/2/2022 16:30,0.852,0,0,502,28.1,27.5,75.4,39,3
9-Feb-22,17:00:00,9/2/2022 17:00,0.174,0,0,430,27.6,27.3,78,38,3
9-Feb-22,17:30:00,9/2/2022 17:30,0.234,0,0,229,27.2,52.1,80.1,38,2.9
9-Feb-22,18:00:00,9/2/2022 18:00,0.331,0,0,58,26.9,84.1,81.6,41,2.7
9-Feb-22,18:30:00,9/2/2022 18:30,0.207,0,0,11,26.5,95.1,83.2,44,2.5
9-Feb-22,19:00:00,9/2/2022 19:00,0.29,0,0,5,25.9,94.8,84.9,47,2.4
9-Feb-22,19:30:00,9/2/2022 19:30,0.324,0,0,2,25.5,91.6,86.7,50,2.4
9-Feb-22,20:00:00,9/2/2022 20:00,0.902,0,0,0,25.1,82.6,88.6,53,2.4
9-Feb-22,20:30:00,9/2/2022 20:30,1.034,0,0,0,25,71.8,89.3,51,2.5
9-Feb-22,21:00:00,9/2/2022 21:00,0.771,0,0,0,25,73.7,89,47,2.6
9-Feb-22,21:30:00,9/2/2022 21:30,1.337,0,0,0,25,90.2,88.8,45,2.8
9-Feb-22,22:00:00,9/2/2022 22:00,0.949,0,0,0,24.9,78.3,88.8,45,3
9-Feb-22,22:30:00,9/2/2022 22:30,0.392,0,0,0,24.9,86.2,88.7,46,3
9-Feb-22,23:00:00,9/2/2022 23:00,0.388,0,0,0,24.8,83.5,88.7,46,2.9
9-Feb-22,23:30:00,9/2/2022 23:30,1.187,0,0,0,24.7,71.1,88.9,44,2.8
10-Feb-22,0:00:00,10/2/2022 0:00,0.788,0,0,0,24.6,84.5,89.2,42,2.7
10-Feb-22,0:30:00,10/2/2022 0:30,0.641,0,0,0,24.6,85.4,89.4,39,2.6
10-Feb-22,1:00:00,10/2/2022 1:00,0.684,0,0,0,24.5,93.9,89.5,37,2.5
10-Feb-22,1:30:00,10/2/2022 1:30,0.515,0,0,0,24.5,96,89,36,2.6
10-Feb-22,2:00:00,10/2/2022 2:00,0.25,0,0,0,24.5,91.4,88.1,35,2.7
10-Feb-22,2:30:00,10/2/2022 2:30,0.247,0,0,0,24.5,89.4,87.5,38,2.9
10-Feb-22,3:00:00,10/2/2022 3:00,0.254,0,0,0,24.4,93.8,87.3,43,3.1
10-Feb-22,3:30:00,10/2/2022 3:30,0.251,0,0,0,24.2,97,87.8,48,3.3
10-Feb-22,4:00:00,10/2/2022 4:00,0.197,0,0,0,23.9,93.3,89.1,52,3.5
10-Feb-22,4:30:00,10/2/2022 4:30,0.236,0,0,0,23.7,95.4,89.8,55,3.4
10-Feb-22,5:00:00,10/2/2022 5:00,0.214,0,0,0,23.5,97,90,55,3
10-Feb-22,5:30:00,10/2/2022 5:30,0.215,0,0,0,23.4,96.5,90,56,2.7
10-Feb-22,6:00:00,10/2/2022 6:00,0.235,0,0,0,23.3,96.5,89.7,56,2.5
10-Feb-22,6:30:00,10/2/2022 6:30,0.18,0,0,0,23.3,97,89.4,58,2.3
10-Feb-22,7:00:00,10/2/2022 7:00,0.247,0,0,0,23.3,97,89.1,62,2.1
10-Feb-22,7:30:00,10/2/2022 7:30,0.246,0,0,0,23.3,97,89.1,64,2
10-Feb-22,8:00:00,10/2/2022 8:00,0.295,0,0,10,23.3,82,89.4,64,2.1
10-Feb-22,8:30:00,10/2/2022 8:30,0.246,0,0,44,23.3,69.8,89.6,64,2.2
10-Feb-22,9:00:00,10/2/2022 9:00,0.265,0,0,84,23.4,68.9,89.6,64,2.4
10-Feb-22,9:30:00,10/2/2022 9:30,0.192,0,0,136,23.5,65.1,89.9,66,2.6
10-Feb-22,10:00:00,10/2/2022 10:00,0.231,0,0,109,23.5,78.5,90.5,69,2.7
10-Feb-22,10:30:00,10/2/2022 10:30,0.253,0,0,104,23.4,83.4,91,70,2.5
10-Feb-22,11:00:00,10/2/2022 11:00,0.213,0,0,104,23.4,85.7,91.3,70,2
10-Feb-22,11:30:00,10/2/2022 11:30,0.357,0,0,99,23.4,87.9,91.4,73,1.6
10-Feb-22,12:00:00,10/2/2022 12:00,0.274,0,0,113,23.4,87.3,91,81,1.5
10-Feb-22,12:30:00,10/2/2022 12:30,0.256,0,0,128,23.5,86.5,90.7,81,1.4
10-Feb-22,13:00:00,10/2/2022 13:00,0.248,0,0,184,23.6,81.2,90.4,73,1.4
10-Feb-22,13:30:00,10/2/2022 13:30,0.294,0,0,234,23.6,76.6,90.5,62,1.5
10-Feb-22,14:00:00,10/2/2022 14:00,0.443,0,0,221,23.6,77.8,91.2,50,1.6
10-Feb-22,14:30:00,10/2/2022 14:30,1.227,0,0,95,23.5,90.2,91.9,41,1.8
10-Feb-22,15:00:00,10/2/2022 15:00,0.682,0,0,70,23.4,92.5,92.5,34,2
10-Feb-22,15:30:00,10/2/2022 15:30,0.314,0,0,69,23.3,92,92.8,29,2.2
10-Feb-22,16:00:00,10/2/2022 16:00,0.556,0,0,42,23.2,94.8,92.8,26,2.2
10-Feb-22,16:30:00,10/2/2022 16:30,1.165,0,0,37,23.1,94.7,92.8,26,2.2
10-Feb-22,17:00:00,10/2/2022 17:00,0.527,0,0,18,23,96.9,93,29,2
10-Feb-22,17:30:00,10/2/2022 17:30,0.252,0,0,15,22.9,96.9,93.2,29,1.9
10-Feb-22,18:00:00,10/2/2022 18:00,0.324,0,0,14,22.8,95.9,93.4,25,1.8
10-Feb-22,18:30:00,10/2/2022 18:30,0.731,0,0,8,22.8,96.7,93.6,20,1.7
10-Feb-22,19:00:00,10/2/2022 19:00,0.384,0,0,4,22.7,96.4,93.8,12,1.7
10-Feb-22,19:30:00,10/2/2022 19:30,0.498,0,0,2,22.7,93.2,93.9,3,1.8
10-Feb-22,20:00:00,10/2/2022 20:00,1.047,0,0,0,22.7,97,94,355,2.1
10-Feb-22,20:30:00,10/2/2022 20:30,0.439,0,0,0,22.7,97,93.9,350,2.3
10-Feb-22,21:00:00,10/2/2022 21:00,0.507,0,0,0,22.8,94.6,93.6,345,2.3
10-Feb-22,21:30:00,10/2/2022 21:30,0.711,0,0,0,22.8,90.8,93.4,343,2.4
10-Feb-22,22:00:00,10/2/2022 22:00,0.486,0,0,0,22.9,96,93.2,343,2.6
10-Feb-22,22:30:00,10/2/2022 22:30,0.532,0,0,0,22.9,97,93.2,344,2.8
10-Feb-22,23:00:00,10/2/2022 23:00,0.672,0,0,0,22.9,97,93.5,346,3
10-Feb-22,23:30:00,10/2/2022 23:30,0.353,0,0,0,22.8,96.4,93.6,346,3
11-Feb-22,0:00:00,11/2/2022 0:00,0.306,0,0,0,22.8,94.7,93.5,346,2.9
11-Feb-22,0:30:00,11/2/2022 0:30,0.269,0,0,0,22.8,93.4,93.2,348,2.7
11-Feb-22,1:00:00,11/2/2022 1:00,0.393,0,0,0,22.8,95.2,92.7,355,2.6
11-Feb-22,1:30:00,11/2/2022 1:30,0.22,0,0,0,22.8,97,92.4,5,2.4
11-Feb-22,2:00:00,11/2/2022 2:00,0.247,0,0,0,22.7,97,92.1,19,2.2
11-Feb-22,2:30:00,11/2/2022 2:30,0.242,0,0,0,22.6,97,91.8,32,2.2
11-Feb-22,3:00:00,11/2/2022 3:00,0.197,0,0,0,22.6,97,91.6,42,2.1
11-Feb-22,3:30:00,11/2/2022 3:30,0.237,0,0,0,22.5,96.4,91.4,48,2.1
11-Feb-22,4:00:00,11/2/2022 4:00,0.224,0,0,0,22.5,91.8,91.2,50,2
11-Feb-22,4:30:00,11/2/2022 4:30,0.242,0,0,0,22.5,84.5,90.9,50,1.9
11-Feb-22,5:00:00,11/2/2022 5:00,0.276,0,0,0,22.5,90.1,90.5,49,2.1
11-Feb-22,5:30:00,11/2/2022 5:30,0.276,0,0,0,22.5,89,90.3,46,2.2
11-Feb-22,6:00:00,11/2/2022 6:00,0.267,0,0,0,22.4,90.5,90.4,44,2.5
11-Feb-22,6:30:00,11/2/2022 6:30,0.214,0,0,0,22.3,89.6,90.5,41,2.6
11-Feb-22,7:00:00,11/2/2022 7:00,0.227,0,0,0,22.2,91.9,90.7,38,2.7
11-Feb-22,7:30:00,11/2/2022 7:30,0.239,0,0,0,22.3,93.1,91,36,2.9
11-Feb-22,8:00:00,11/2/2022 8:00,0.302,0,0,16,22.5,72.1,91.2,35,3.1
11-Feb-22,8:30:00,11/2/2022 8:30,0.225,0,0,65,22.9,57,90.3,35,3.3
11-Feb-22,9:00:00,11/2/2022 9:00,0.223,0,0,146,23.4,47.7,88.2,36,3.5
11-Feb-22,9:30:00,11/2/2022 9:30,0.15,0,0,251,23.9,37.6,86,35,3.6
11-Feb-22,10:00:00,11/2/2022 10:00,0.203,0,0,387,24.4,26.4,83.9,33,3.5
11-Feb-22,10:30:00,11/2/2022 10:30,0.261,0,0,504,24.8,20.7,82.5,30,3.3
11-Feb-22,11:00:00,11/2/2022 11:00,0.238,0,0,543,25.1,26.4,81.8,28,3
11-Feb-22,11:30:00,11/2/2022 11:30,0.314,0,0,584,25.5,29.3,80.1,26,2.8
11-Feb-22,12:00:00,11/2/2022 12:00,0.3,0,0,672,26,25.2,77.5,23,2.5
11-Feb-22,12:30:00,11/2/2022 12:30,0.248,0,0,877,26.4,7.8,75.5,23,2.4
11-Feb-22,13:00:00,11/2/2022 13:00,0.273,0,0,864,26.8,12.4,73.8,24,2.6
11-Feb-22,13:30:00,11/2/2022 13:30,0.24,0,0,882,27,12,72.9,23,2.8
11-Feb-22,14:00:00,11/2/2022 14:00,0.18,0,0,853,27.1,14.6,72.5,19,3
11-Feb-22,14:30:00,11/2/2022 14:30,0.209,0,0,783,27.1,19.8,72,17,3.1
11-Feb-22,15:00:00,11/2/2022 15:00,0.166,0,0,682,27.1,26.9,71.6,16,2.9
11-Feb-22,15:30:00,11/2/2022 15:30,0.69,0,0,479,27.2,45.1,71.4,15,3
11-Feb-22,16:00:00,11/2/2022 16:00,1.166,0,0,446,27.3,43.7,71.4,15,3.2
11-Feb-22,16:30:00,11/2/2022 16:30,0.379,0,0,512,27.2,26.7,71.8,16,3.3
11-Feb-22,17:00:00,11/2/2022 17:00,0.372,0,0,491,27.1,18.2,72.6,19,3.3
11-Feb-22,17:30:00,11/2/2022 17:30,0.278,0,0,322,26.8,33.1,73.9,22,3.3
11-Feb-22,18:00:00,11/2/2022 18:00,0.213,0,0,202,26.5,43.8,75.8,26,3.2
11-Feb-22,18:30:00,11/2/2022 18:30,0.243,0,0,91,26.1,61.6,77.8,30,3.3
11-Feb-22,19:00:00,11/2/2022 19:00,0.284,0,0,36,25.6,66.4,80,33,3.4
11-Feb-22,19:30:00,11/2/2022 19:30,0.44,0,0,7,25.1,77.6,82.2,36,3.4
11-Feb-22,20:00:00,11/2/2022 20:00,1.253,0,0,0,24.7,93.1,84.5,38,3.1
11-Feb-22,20:30:00,11/2/2022 20:30,0.976,0,0,0,24.4,59.9,86.1,39,2.9
11-Feb-22,21:00:00,11/2/2022 21:00,0.62,0,0,0,24.2,79.4,87,39,2.7
11-Feb-22,21:30:00,11/2/2022 21:30,1.065,0,0,0,24.2,82.4,87.4,39,2.6
11-Feb-22,22:00:00,11/2/2022 22:00,1.153,0,0,0,24.2,76.2,87.4,39,2.5
11-Feb-22,22:30:00,11/2/2022 22:30,0.885,0,0,0,24.2,83.7,87.4,41,2.4
11-Feb-22,23:00:00,11/2/2022 23:00,0.375,0,0,0,24.2,90.6,87.7,44,2.2
11-Feb-22,23:30:00,11/2/2022 23:30,0.375,0,0,0,24.1,85.9,87.9,48,2.2
12-Feb-22,0:00:00,12/2/2022 0:00,0.676,0,0,0,24.1,81.5,88.1,51,2.3
12-Feb-22,0:30:00,12/2/2022 0:30,0.812,0,0,0,24,64.2,88.2,52,2.3
12-Feb-22,1:00:00,12/2/2022 1:00,0.513,0,0,0,24,63.1,88.3,50,2.3
12-Feb-22,1:30:00,12/2/2022 1:30,0.28,0,0,0,23.9,84.8,88.4,49,2.4
12-Feb-22,2:00:00,12/2/2022 2:00,0.277,0,0,0,23.8,89.5,88.5,49,2.5
12-Feb-22,2:30:00,12/2/2022 2:30,0.271,0,0,0,23.7,91.9,88.6,48,2.6
12-Feb-22,3:00:00,12/2/2022 3:00,0.236,0,0,0,23.6,92.6,88.5,48,2.4
12-Feb-22,3:30:00,12/2/2022 3:30,0.254,0,0,0,23.6,92.4,88.5,47,2.4
12-Feb-22,4:00:00,12/2/2022 4:00,0.235,0,0,0,23.5,92.6,88.3,47,2.3
12-Feb-22,4:30:00,12/2/2022 4:30,0.281,0,0,0,23.5,92.5,88.1,45,2.2
12-Feb-22,5:00:00,12/2/2022 5:00,0.269,0,0,0,23.4,89.4,88,40,2.1
12-Feb-22,5:30:00,12/2/2022 5:30,0.261,0,0,0,23.4,87.4,87.7,35,1.9
12-Feb-22,6:00:00,12/2/2022 6:00,0.222,0,0,0,23.4,90.1,87.3,31,1.8
12-Feb-22,6:30:00,12/2/2022 6:30,0.236,0,0,0,23.5,88.4,86.8,25,1.6
12-Feb-22,7:00:00,12/2/2022 7:00,0.207,0,0,0,23.5,75.1,86.3,17,1.5
12-Feb-22,7:30:00,12/2/2022 7:30,0.261,0,0,0,23.6,50.4,85.9,6,1.5
12-Feb-22,8:00:00,12/2/2022 8:00,0.228,0,0,28,23.7,43,85.8,356,1.8
12-Feb-22,8:30:00,12/2/2022 8:30,0.198,0,0,95,23.9,34.6,85.1,349,2
12-Feb-22,9:00:00,12/2/2022 9:00,0.253,0,0,191,24.2,30.6,84,344,2.1
12-Feb-22,9:30:00,12/2/2022 9:30,0.165,0,0,273,24.6,30.6,82.4,343,2.1
12-Feb-22,10:00:00,12/2/2022 10:00,0.313,0,0,352,25,32.2,80.3,345,2.2
12-Feb-22,10:30:00,12/2/2022 10:30,0.298,0,0,451,25.4,29.2,78.5,348,2.3
12-Feb-22,11:00:00,12/2/2022 11:00,0.249,0,0,692,25.8,6.3,77,352,2.5
12-Feb-22,11:30:00,12/2/2022 11:30,0.378,0,0,824,26.1,0,75.4,356,2.5
12-Feb-22,12:00:00,12/2/2022 12:00,0.338,0,0,896,26.4,0,73.8,1,2.4
12-Feb-22,12:30:00,12/2/2022 12:30,0.246,0,0,950,26.9,0,71.4,4,2.3
12-Feb-22,13:00:00,12/2/2022 13:00,0.2,0,0,985,27.6,0.1,68.2,6,2.2
12-Feb-22,13:30:00,12/2/2022 13:30,0.255,0,0,924,28.4,7.8,64.9,357,2.1
12-Feb-22,14:00:00,12/2/2022 14:00,0.239,0,0,814,29.2,18.6,61.4,340,2.2
12-Feb-22,14:30:00,12/2/2022 14:30,0.233,0,0,709,29.7,27.3,59.7,323,2.3
12-Feb-22,15:00:00,12/2/2022 15:00,0.608,0,0,717,29.9,23.1,59.5,307,2.6
12-Feb-22,15:30:00,12/2/2022 15:30,1.255,0,0,787,29.8,9.7,60.6,295,3.1
12-Feb-22,16:00:00,12/2/2022 16:00,1.014,0,0,781,29.6,1.4,63,287,3.7
12-Feb-22,16:30:00,12/2/2022 16:30,0.222,0,0,673,29.2,4,66,283,4.2
12-Feb-22,17:00:00,12/2/2022 17:00,0.752,0,0,578,28.8,2.6,69.6,281,4.5
12-Feb-22,17:30:00,12/2/2022 17:30,0.472,0,0,389,28.5,18.9,72.4,281,4.6
12-Feb-22,18:00:00,12/2/2022 18:00,0.348,0,0,285,28.2,19.6,74.3,284,4.6
12-Feb-22,18:30:00,12/2/2022 18:30,0.327,0,0,164,27.8,27.6,76.5,287,4.3
12-Feb-22,19:00:00,12/2/2022 19:00,0.437,0,0,49,27.3,59.5,79,290,3.9
12-Feb-22,19:30:00,12/2/2022 19:30,0.366,0,0,12,26.7,30.6,81.3,297,3.4
12-Feb-22,20:00:00,12/2/2022 20:00,0.724,0,0,0,26.1,29.3,83.3,308,2.9
12-Feb-22,20:30:00,12/2/2022 20:30,0.721,0,0,0,25.7,37.6,84.5,322,2.5
12-Feb-22,21:00:00,12/2/2022 21:00,0.382,0,0,0,25.6,73.7,84.9,338,2.3
12-Feb-22,21:30:00,12/2/2022 21:30,0.373,0,0,0,25.4,74.2,85.2,355,2.2
12-Feb-22,22:00:00,12/2/2022 22:00,0.334,0,0,0,25.4,68.2,85.2,12,2.2
12-Feb-22,22:30:00,12/2/2022 22:30,0.322,0,0,0,25.2,71.3,85.5,27,2.3
12-Feb-22,23:00:00,12/2/2022 23:00,0.387,0,0,0,25,70.3,86.1,40,2.5
12-Feb-22,23:30:00,12/2/2022 23:30,0.458,0,0,0,24.8,59.9,87,46,2.7
13-Feb-22,0:00:00,13/2/2022 0:00,0.365,0,0,0,24.6,55.2,88,44,2.8
13-Feb-22,0:30:00,13/2/2022 0:30,0.294,0,0,0,24.4,64.7,88.6,40,2.8
13-Feb-22,1:00:00,13/2/2022 1:00,0.264,0,0,0,24.3,68.8,88.8,33,2.7
13-Feb-22,1:30:00,13/2/2022 1:30,0.294,0,0,0,24.1,47.2,89.3,30,2.6
13-Feb-22,2:00:00,13/2/2022 2:00,0.242,0,0,0,23.9,45.1,90.1,31,2.5
13-Feb-22,2:30:00,13/2/2022 2:30,0.265,0,0,0,23.7,40.9,90.7,31,2.4
13-Feb-22,3:00:00,13/2/2022 3:00,0.23,0,0,0,23.6,40.5,90.9,31,2.4
13-Feb-22,3:30:00,13/2/2022 3:30,0.248,0,0,0,23.5,28.4,91.1,33,2.4
13-Feb-22,4:00:00,13/2/2022 4:00,0.215,0,0,0,23.5,34.5,91.1,36,2.4
13-Feb-22,4:30:00,13/2/2022 4:30,0.169,0,0,0,23.4,54.5,91,36,2.5
13-Feb-22,5:00:00,13/2/2022 5:00,0.228,0,0,0,23.4,66.9,91,34,2.5
13-Feb-22,5:30:00,13/2/2022 5:30,0.2,0,0,0,23.3,53,90.8,33,2.5
13-Feb-22,6:00:00,13/2/2022 6:00,0.225,0,0,0,23.3,44.1,90.6,33,2.4
13-Feb-22,6:30:00,13/2/2022 6:30,0.24,0,0,0,23.2,43.1,90.5,34,2.2
13-Feb-22,7:00:00,13/2/2022 7:00,0.167,0,0,0,23.2,39.2,90.4,35,2
13-Feb-22,7:30:00,13/2/2022 7:30,0.269,0,0,0,23.3,43.6,90.1,38,1.8
13-Feb-22,8:00:00,13/2/2022 8:00,0.229,0,0,21,23.5,47.4,89.6,43,1.8
13-Feb-22,8:30:00,13/2/2022 8:30,0.222,0,0,90,24,40.8,88,47,1.8
13-Feb-22,9:00:00,13/2/2022 9:00,0.246,0,0,159,24.7,41,85.4,49,2
13-Feb-22,9:30:00,13/2/2022 9:30,0.216,0,0,281,25.5,29.4,82.3,48,2
13-Feb-22,10:00:00,13/2/2022 10:00,0.301,0,0,491,26.3,5.4,78.9,41,1.8
13-Feb-22,10:30:00,13/2/2022 10:30,0.276,0,0,602,27,4.9,76,36,1.7
13-Feb-22,11:00:00,13/2/2022 11:00,0.247,0,0,724,27.6,0.6,73.5,33,1.6
13-Feb-22,11:30:00,13/2/2022 11:30,0.243,0,0,807,28,0,72,30,1.3
13-Feb-22,12:00:00,13/2/2022 12:00,0.323,0,0,875,28.3,0,71.5,26,0.8
13-Feb-22,12:30:00,13/2/2022 12:30,0.273,0,0,930,28.5,0,71.2,14,0.5
13-Feb-22,13:00:00,13/2/2022 13:00,0.281,0,0,967,28.7,0,71,356,0.5
13-Feb-22,13:30:00,13/2/2022 13:30,0.257,0,0,940,28.9,4.5,70.5,340,0.3
13-Feb-22,14:00:00,13/2/2022 14:00,0.27,0,0,653,29.1,33.4,69.6,265,0.1
13-Feb-22,14:30:00,13/2/2022 14:30,0.657,0,0,562,29.2,41,69.1,216,0.3
13-Feb-22,15:00:00,13/2/2022 15:00,1.271,0,0,685,29.2,24.8,68.9,218,0.4
13-Feb-22,15:30:00,13/2/2022 15:30,1.297,0,0,625,29.3,26.4,68.4,216,0.6
13-Feb-22,16:00:00,13/2/2022 16:00,1.221,0,0,672,29.4,12.8,67.4,214,0.8
13-Feb-22,16:30:00,13/2/2022 16:30,0.304,0,0,506,29.4,25.8,67,210,1.1
13-Feb-22,17:00:00,13/2/2022 17:00,0.259,0,0,362,29.3,36.3,67.1,208,1.4
13-Feb-22,17:30:00,13/2/2022 17:30,0.451,0,0,256,29,44.5,68.2,206,1.5
13-Feb-22,18:00:00,13/2/2022 18:00,1.276,0,0,69,28.7,80.3,70.3,206,1.4
13-Feb-22,18:30:00,13/2/2022 18:30,0.516,0,0,31,28.2,84.7,72.9,208,1.2
13-Feb-22,19:00:00,13/2/2022 19:00,0.377,0,0,20,27.5,75.3,76.1,213,1
13-Feb-22,19:30:00,13/2/2022 19:30,0.731,0,0,10,26.8,41.1,79,223,0.4
13-Feb-22,20:00:00,13/2/2022 20:00,0.842,0,0,0,26.1,37.8,81.5,22,0.5
13-Feb-22,20:30:00,13/2/2022 20:30,0.385,0,0,0,25.6,48.4,83.8,26,1.3
13-Feb-22,21:00:00,13/2/2022 21:00,1.037,0,0,0,25.3,72.6,85.9,26,1.9
13-Feb-22,21:30:00,13/2/2022 21:30,1.368,0,0,0,25.1,74.2,87.3,28,2.4
13-Feb-22,22:00:00,13/2/2022 22:00,0.755,0,0,0,25.1,60.9,87.9,32,2.6
13-Feb-22,22:30:00,13/2/2022 22:30,1.036,0,0,0,25.1,77.1,88.2,36,2.8
13-Feb-22,23:00:00,13/2/2022 23:00,0.704,0,0,0,25,70.3,88.3,40,2.9
13-Feb-22,23:30:00,13/2/2022 23:30,0.389,0,0,0,24.9,52.9,88.6,42,3
14-Feb-22,0:00:00,14/2/2022 0:00,0.574,0,0,0,24.8,49.9,89.2,41,3.2
14-Feb-22,0:30:00,14/2/2022 0:30,0.858,0,0,0,24.7,70.2,89.6,41,3.3
14-Feb-22,1:00:00,14/2/2022 1:00,0.554,0,0,0,24.5,54.8,89.9,40,3.3
14-Feb-22,1:30:00,14/2/2022 1:30,0.259,0,0,0,24.4,53.9,90.3,40,3.3
14-Feb-22,2:00:00,14/2/2022 2:00,0.282,0,0,0,24.3,44.8,90.7,40,3.2
14-Feb-22,2:30:00,14/2/2022 2:30,0.261,0,0,0,24.2,35.9,91,41,3.2
14-Feb-22,3:00:00,14/2/2022 3:00,0.288,0,0,0,24.1,37.2,91.2,43,3
14-Feb-22,3:30:00,14/2/2022 3:30,0.356,0,0,0,24.1,54.2,91.2,46,2.9
14-Feb-22,4:00:00,14/2/2022 4:00,0.344,0,0,0,24,46,91.2,48,2.9
14-Feb-22,4:30:00,14/2/2022 4:30,0.307,0,0,0,23.9,47,91.3,48,2.9
14-Feb-22,5:00:00,14/2/2022 5:00,0.271,0,0,0,23.9,40.9,91.5,47,2.9
14-Feb-22,5:30:00,14/2/2022 5:30,0.305,0,0,0,23.8,49.6,91.5,44,2.8
14-Feb-22,6:00:00,14/2/2022 6:00,0.408,0,0,0,23.8,57,91.4,41,2.8
14-Feb-22,6:30:00,14/2/2022 6:30,0.262,0,0,0,23.8,48.7,91.3,39,2.8
14-Feb-22,7:00:00,14/2/2022 7:00,0.259,0,0,0,23.8,55,91.3,40,2.8
14-Feb-22,7:30:00,14/2/2022 7:30,0.308,0,0,0,23.8,52.9,91.3,41,2.7
14-Feb-22,8:00:00,14/2/2022 8:00,0.35,0,0,25,24,33.3,91.2,43,2.6
14-Feb-22,8:30:00,14/2/2022 8:30,0.224,0,0,100,24.3,15.9,90,46,2.6
14-Feb-22,9:00:00,14/2/2022 9:00,0.216,0,0,170,24.9,27.7,87.8,50,2.7
14-Feb-22,9:30:00,14/2/2022 9:30,0.203,0,0,249,25.6,32.6,85.1,52,2.8
14-Feb-22,10:00:00,14/2/2022 10:00,0.239,0,0,452,26.3,7.5,81.9,52,2.9
14-Feb-22,10:30:00,14/2/2022 10:30,0.259,0,0,476,26.9,21.7,79.3,52,3
14-Feb-22,11:00:00,14/2/2022 11:00,0.25,0,0,686,27.4,3.5,77.1,52,3.1
14-Feb-22,11:30:00,14/2/2022 11:30,0.226,0,0,747,27.9,6.6,74.4,55,3
14-Feb-22,12:00:00,14/2/2022 12:00,0.348,0,0,857,28.5,2.1,71.4,60,2.8
14-Feb-22,12:30:00,14/2/2022 12:30,0.31,0,0,839,29,9.9,68.8,68,2.4
14-Feb-22,13:00:00,14/2/2022 13:00,0.327,0,0,805,29.5,17,66.8,82,2.1
14-Feb-22,13:30:00,14/2/2022 13:30,0.248,0,0,641,29.7,35,66,98,1.9
14-Feb-22,14:00:00,14/2/2022 14:00,0.238,0,0,779,29.7,20.5,66.4,115,1.9
14-Feb-22,14:30:00,14/2/2022 14:30,0.245,0,0,639,29.6,32.7,67.2,127,2.1
14-Feb-22,15:00:00,14/2/2022 15:00,0.24,0,0,557,29.3,38.3,68.6,134,2.4
14-Feb-22,15:30:00,14/2/2022 15:30,0.682,0,0,492,29.1,41.8,69.9,136,2.7
14-Feb-22,16:00:00,14/2/2022 16:00,1.235,0,0,279,28.9,63.3,71.3,135,2.8
14-Feb-22,16:30:00,14/2/2022 16:30,1.223,0,0,198,28.7,71.1,72.5,135,2.8
14-Feb-22,17:00:00,14/2/2022 17:00,0.432,0,0,271,28.5,51.1,73.7,135,2.8
14-Feb-22,17:30:00,14/2/2022 17:30,0.245,0,0,168,28.4,63,74.7,131,2.6
14-Feb-22,18:00:00,14/2/2022 18:00,0.445,0,0,41,28.3,87.9,75.5,122,2.4
14-Feb-22,18:30:00,14/2/2022 18:30,0.407,0,0,16,28.1,91.2,77.4,113,2.3
14-Feb-22,19:00:00,14/2/2022 19:00,0.618,0,0,21,27.6,75.9,80.3,104,2.2
14-Feb-22,19:30:00,14/2/2022 19:30,1.015,0,0,7,27.1,64,82.9,102,2.2
14-Feb-22,20:00:00,14/2/2022 20:00,0.362,0,0,0,26.5,65.8,85.1,105,2.3
14-Feb-22,20:30:00,14/2/2022 20:30,0.718,0,0,0,26.1,53.6,86.8,102,2.5
14-Feb-22,21:00:00,14/2/2022 21:00,0.368,0,0,0,25.9,59.1,88,93,2.7
14-Feb-22,21:30:00,14/2/2022 21:30,0.911,0,0,0,25.6,63.7,89,87,2.8
14-Feb-22,22:00:00,14/2/2022 22:00,1.341,0,0,0,25.4,61.1,89.8,80,2.9
14-Feb-22,22:30:00,14/2/2022 22:30,0.713,0,0,0,25.2,29.9,90.5,73,3
14-Feb-22,23:00:00,14/2/2022 23:00,0.823,0,0,0,25,25.5,91.1,66,3.2
14-Feb-22,23:30:00,14/2/2022 23:30,0.526,0,0,0,24.9,44,91.5,62,3.3
15-Feb-22,0:00:00,15/2/2022 0:00,0.648,0,0,0,24.7,43.4,91.7,61,3.1
15-Feb-22,0:30:00,15/2/2022 0:30,0.412,0,0,0,24.6,41.4,91.9,61,3
15-Feb-22,1:00:00,15/2/2022 1:00,0.396,0,0,0,24.5,60.9,92,61,3
15-Feb-22,1:30:00,15/2/2022 1:30,0.294,0,0,0,24.4,61.6,92.1,60,3
15-Feb-22,2:00:00,15/2/2022 2:00,0.281,0,0,0,24.3,46.1,92.3,58,3
15-Feb-22,2:30:00,15/2/2022 2:30,0.282,0,0,0,24.2,42.4,92.3,57,3
15-Feb-22,3:00:00,15/2/2022 3:00,0.276,0,0,0,24.1,42.3,92.3,58,2.9
15-Feb-22,3:30:00,15/2/2022 3:30,0.264,0,0,0,24,46,92.3,60,2.7
15-Feb-22,4:00:00,15/2/2022 4:00,0.274,0,0,0,23.9,36.8,92.3,63,2.6
15-Feb-22,4:30:00,15/2/2022 4:30,0.247,0,0,0,23.8,37.8,92.4,65,2.6
15-Feb-22,5:00:00,15/2/2022 5:00,0.268,0,0,0,23.8,39,92.4,67,2.7
15-Feb-22,5:30:00,15/2/2022 5:30,0.267,0,0,0,23.7,32.5,92.6,67,2.7
15-Feb-22,6:00:00,15/2/2022 6:00,0.32,0,0,0,23.6,36.3,92.9,66,2.8
15-Feb-22,6:30:00,15/2/2022 6:30,0.291,0,0,0,23.5,40.6,93.2,65,2.8
15-Feb-22,7:00:00,15/2/2022 7:00,0.264,0,0,0,23.5,44.9,93.3,64,2.7
15-Feb-22,7:30:00,15/2/2022 7:30,0.282,0,0,0,23.5,45.6,93.4,61,2.7
15-Feb-22,8:00:00,15/2/2022 8:00,0.332,0,0,25,23.6,35.5,93.4,56,2.8
15-Feb-22,8:30:00,15/2/2022 8:30,0.229,0,0,114,24.1,15.8,92.2,55,3
15-Feb-22,9:00:00,15/2/2022 9:00,0.259,0,0,236,24.7,7.5,89.8,56,3.2
15-Feb-22,9:30:00,15/2/2022 9:30,0.267,0,0,379,25.4,0.5,87.2,58,3.3
15-Feb-22,10:00:00,15/2/2022 10:00,0.239,0,0,504,26.1,0,84.5,61,3.4
15-Feb-22,10:30:00,15/2/2022 10:30,0.225,0,0,620,26.9,0,81.4,63,3.4
15-Feb-22,11:00:00,15/2/2022 11:00,0.249,0,0,721,27.6,0,78,66,3.4
15-Feb-22,11:30:00,15/2/2022 11:30,0.3,0,0,806,28.3,0,74.4,70,3.3
15-Feb-22,12:00:00,15/2/2022 12:00,0.357,0,0,855,29,2.4,70.7,76,3.2
15-Feb-22,12:30:00,15/2/2022 12:30,0.275,0,0,831,29.6,11,67.9,88,3
15-Feb-22,13:00:00,15/2/2022 13:00,0.209,0,0,748,29.9,22.8,65.9,108,3
15-Feb-22,13:30:00,15/2/2022 13:30,0.211,0,0,745,30.3,24.5,63.9,128,3.3
15-Feb-22,14:00:00,15/2/2022 14:00,0.25,0,0,699,30.7,28.9,61.9,145,4
15-Feb-22,14:30:00,15/2/2022 14:30,0.295,0,0,711,30.8,25.6,61.3,154,4.7
15-Feb-22,15:00:00,15/2/2022 15:00,0.332,0,0,490,30.7,46.1,62.1,158,5.3
15-Feb-22,15:30:00,15/2/2022 15:30,0.277,0,0,607,30.4,28.7,63.1,158,5.7
15-Feb-22,16:00:00,15/2/2022 16:00,0.266,0,0,431,30.2,43.9,64.3,156,5.7
15-Feb-22,16:30:00,15/2/2022 16:30,0.965,0,0,419,29.8,37.8,65.7,154,5.7
15-Feb-22,17:00:00,15/2/2022 17:00,1.292,0,0,351,29.4,39.3,67.3,152,5.7
15-Feb-22,17:30:00,15/2/2022 17:30,1.401,0,0,62,29,87,69.1,150,5.5
15-Feb-22,18:00:00,15/2/2022 18:00,0.592,0,0,46,28.7,86.2,71.1,146,5.1
15-Feb-22,18:30:00,15/2/2022 18:30,0.463,0,0,12,28.3,94.7,73.7,143,4.7
15-Feb-22,19:00:00,15/2/2022 19:00,1.014,0,0,7,27.8,90.8,76.9,140,4.4
15-Feb-22,19:30:00,15/2/2022 19:30,0.712,0,0,4,27.4,73.1,79.5,135,4.2
15-Feb-22,20:00:00,15/2/2022 20:00,1.536,0,0,0,26.9,87.6,81.7,128,4
15-Feb-22,20:30:00,15/2/2022 20:30,1.621,0,0,0,26.5,96.8,83.9,122,3.8
15-Feb-22,21:00:00,15/2/2022 21:00,1.335,0,0,0,26.1,96.3,86,117,3.6
15-Feb-22,21:30:00,15/2/2022 21:30,0.617,0,0,0,25.8,92.6,87.6,111,3.5
15-Feb-22,22:00:00,15/2/2022 22:00,0.516,0,0,0,25.7,86.3,88.8,103,3.5
15-Feb-22,22:30:00,15/2/2022 22:30,0.825,0,0,0,25.6,85.3,89.7,95,3.5
15-Feb-22,23:00:00,15/2/2022 23:00,0.413,0,0,0,25.6,68.9,90.3,87,3.6
15-Feb-22,23:30:00,15/2/2022 23:30,0.853,0,0,0,25.5,54,90.6,80,3.6
16-Feb-22,0:00:00,16/2/2022 0:00,0.508,0,0,0,25.5,44.7,90.5,74,3.6
16-Feb-22,0:30:00,16/2/2022 0:30,0.487,0,0,0,25.4,34.6,90.7,68,3.6
16-Feb-22,1:00:00,16/2/2022 1:00,0.446,0,0,0,25.3,27.5,91.3,62,3.4
16-Feb-22,1:30:00,16/2/2022 1:30,0.289,0,0,0,25.2,25.9,91.7,58,3.3
16-Feb-22,2:00:00,16/2/2022 2:00,0.277,0,0,0,25.1,29,91.9,54,3.2
16-Feb-22,2:30:00,16/2/2022 2:30,0.268,0,0,0,25,48.3,92.2,53,3.1
16-Feb-22,3:00:00,16/2/2022 3:00,0.229,0,0,0,24.9,64.7,92.4,53,3.1
16-Feb-22,3:30:00,16/2/2022 3:30,0.327,0,0,0,24.8,78.6,92.6,54,3
16-Feb-22,4:00:00,16/2/2022 4:00,0.233,0,0,0,24.8,80.3,92.8,54,3
16-Feb-22,4:30:00,16/2/2022 4:30,0.283,0,0,0,24.6,73.3,93.2,54,3
16-Feb-22,5:00:00,16/2/2022 5:00,0.313,0,0,0,24.5,70.9,93.6,53,3.1
16-Feb-22,5:30:00,16/2/2022 5:30,0.289,0,0,0,24.4,58.3,93.8,53,3.2
16-Feb-22,6:00:00,16/2/2022 6:00,0.278,0,0,0,24.3,50.8,93.8,52,3.3
16-Feb-22,6:30:00,16/2/2022 6:30,0.276,0,0,0,24.3,31.5,93.8,54,3.2
16-Feb-22,7:00:00,16/2/2022 7:00,0.348,0,0,0,24.2,25.2,93.7,58,3.1
16-Feb-22,7:30:00,16/2/2022 7:30,0.332,0,0,0,24.2,46.5,93.5,60,3.1
16-Feb-22,8:00:00,16/2/2022 8:00,0.296,0,0.0342,25,24.3,43.3,93.3,61,3.2
16-Feb-22,8:30:00,16/2/2022 8:30,0.19,0,0.1068,78,24.6,43.8,91.9,60,3.4
16-Feb-22,9:00:00,16/2/2022 9:00,0.2,0,0.1602,117,25.2,55.6,89.3,59,3.7
16-Feb-22,9:30:00,16/2/2022 9:30,0.167,0,0.1972,144,25.9,63.3,86,60,3.7
16-Feb-22,10:00:00,16/2/2022 10:00,0.187,0,0.2931,214,26.7,58.8,82.1,62,3.5
16-Feb-22,10:30:00,16/2/2022 10:30,0.27,0,0.3889,284,27.5,55.3,77.8,66,3.3
16-Feb-22,11:00:00,16/2/2022 11:00,0.196,0,0.7121,520,28.3,29,73.3,72,3.1
16-Feb-22,11:30:00,16/2/2022 11:30,0.248,0.01,0.7244,529,29.1,34.9,69.3,81,3.1
16-Feb-22,12:00:00,16/2/2022 12:00,0.057,0.541,0.6491,474,29.8,46.2,65.7,92,3.1
16-Feb-22,12:30:00,16/2/2022 12:30,0,0.702,0.6381,466,30.2,50.4,63.6,108,3.1
16-Feb-22,13:00:00,16/2/2022 13:00,0,0.54,0.6601,482,30.3,50.5,62.9,129,3.2
16-Feb-22,13:30:00,16/2/2022 13:30,0,0.598,0.7272,531,30.1,46.4,64.1,139,3.6
16-Feb-22,14:00:00,16/2/2022 14:00,0,0.679,0.8792,642,29.5,34.7,67.3,141,3.8
16-Feb-22,14:30:00,16/2/2022 14:30,0,0.949,0.9422,688,29.1,27.9,69.6,140,3.9
16-Feb-22,15:00:00,16/2/2022 15:00,0,0.536,0.949,693,28.9,23.9,70.9,138,4
16-Feb-22,15:30:00,16/2/2022 15:30,0.118,0.317,0.9244,675,28.8,20.5,71,135,4.1
16-Feb-22,16:00:00,16/2/2022 16:00,0.011,0.517,0.6833,499,28.9,35.5,69.7,132,4.1
16-Feb-22,16:30:00,16/2/2022 16:30,0,0.46,0.5779,422,29.1,37.6,68.5,130,3.9
16-Feb-22,17:00:00,16/2/2022 17:00,0,0.4,0.3999,292,29.3,49.3,67.4,128,3.7
16-Feb-22,17:30:00,16/2/2022 17:30,0.096,0.187,0.2766,202,29.2,55.3,68,127,3.6
16-Feb-22,18:00:00,16/2/2022 18:00,0.019,0.042,0.2013,147,28.9,56.1,70.3,129,3.5
16-Feb-22,18:30:00,16/2/2022 18:30,0.12,0,0.0904,66,28.4,69.6,73,126,3.4
16-Feb-22,19:00:00,16/2/2022 19:00,0.227,0,0.0192,14,27.9,83.2,76,118,3.2
16-Feb-22,19:30:00,16/2/2022 19:30,0.392,0,0.0082,6,27.4,69.5,78.2,112,3
16-Feb-22,20:00:00,16/2/2022 20:00,1.013,0,0,0,26.9,81.9,79.4,108,2.7
16-Feb-22,20:30:00,16/2/2022 20:30,1.619,0,0,0,26.5,68,80.5,99,2.5
16-Feb-22,21:00:00,16/2/2022 21:00,0.565,0,0,0,26.4,72,81.3,88,2.6
16-Feb-22,21:30:00,16/2/2022 21:30,0.347,0,0,0,26.3,69.2,81.9,80,2.7
16-Feb-22,22:00:00,16/2/2022 22:00,0.836,0,0,0,26.2,58.3,82.2,75,2.7
16-Feb-22,22:30:00,16/2/2022 22:30,1.351,0,0,0,26.1,68.5,82.6,71,2.6
16-Feb-22,23:00:00,16/2/2022 23:00,1.207,0,0,0,26,59,83,69,2.6
16-Feb-22,23:30:00,16/2/2022 23:30,0.676,0,0,0,25.9,63.4,83.4,70,2.6
17-Feb-22,0:00:00,17/2/2022 0:00,0.553,0,0,0,25.9,79.2,83.8,74,2.6
17-Feb-22,0:30:00,17/2/2022 0:30,0.426,0,0,0,25.8,86.8,84.2,77,2.6
17-Feb-22,1:00:00,17/2/2022 1:00,0.324,0,0,0,25.7,74.8,84.4,77,2.7
17-Feb-22,1:30:00,17/2/2022 1:30,0.293,0,0,0,25.6,65.5,84.3,79,2.6
17-Feb-22,2:00:00,17/2/2022 2:00,0.288,0,0,0,25.6,65.3,83.9,84,2.3
17-Feb-22,2:30:00,17/2/2022 2:30,0.294,0,0,0,25.5,62.7,83.8,90,2.2
17-Feb-22,3:00:00,17/2/2022 3:00,0.284,0,0,0,25.3,64.7,84,94,2.1
17-Feb-22,3:30:00,17/2/2022 3:30,0.287,0,0,0,25.2,67,84.2,96,2
17-Feb-22,4:00:00,17/2/2022 4:00,0.279,0,0,0,25,71.3,84.5,94,1.9
17-Feb-22,4:30:00,17/2/2022 4:30,0.269,0,0,0,24.9,64.9,84.7,89,1.7
17-Feb-22,5:00:00,17/2/2022 5:00,0.281,0,0,0,24.7,62.8,84.9,81,1.4
17-Feb-22,5:30:00,17/2/2022 5:30,0.229,0,0,0,24.7,54.4,84.9,73,1.6
17-Feb-22,6:00:00,17/2/2022 6:00,0.279,0,0,0,24.7,53.1,84.9,69,2.2
17-Feb-22,6:30:00,17/2/2022 6:30,0.23,0,0,0,24.7,58.7,84.8,69,2.5
17-Feb-22,7:00:00,17/2/2022 7:00,0.232,0,0,0,24.7,60.2,84.5,71,2.5
17-Feb-22,7:30:00,17/2/2022 7:30,0.272,0,0,0,24.7,47.3,84.1,74,2.5
17-Feb-22,8:00:00,17/2/2022 8:00,0.263,0,0.0416,24,24.8,47.7,83.4,78,2.3
17-Feb-22,8:30:00,17/2/2022 8:30,0.073,0.003,0.1646,95,24.8,29.1,83,79,2.3
17-Feb-22,9:00:00,17/2/2022 9:00,0.003,0.106,0.3258,188,24.8,27.3,83,76,2.3
17-Feb-22,9:30:00,17/2/2022 9:30,0.002,0.104,0.4107,237,24.9,38.3,82.4,73,2.2
17-Feb-22,10:00:00,17/2/2022 10:00,0.003,0.239,0.4921,284,25.2,44.4,81.3,70,2
17-Feb-22,10:30:00,17/2/2022 10:30,0,0.436,0.6428,371,25.6,40.8,78.7,70,1.7
17-Feb-22,11:00:00,17/2/2022 11:00,0,0.883,0.9547,551,26.3,24.8,75.1,74,1.4
17-Feb-22,11:30:00,17/2/2022 11:30,0,0.883,1.2389,715,27.1,12.7,71.3,82,1.1
17-Feb-22,12:00:00,17/2/2022 12:00,0.045,0.867,1.3307,768,28,14,67.7,95,0.9
17-Feb-22,12:30:00,17/2/2022 12:30,0,1.111,1.5196,877,28.2,7.5,66.9,127,1
17-Feb-22,13:00:00,17/2/2022 13:00,0,1.521,1.4156,817,27.9,17,68.9,154,1.5
17-Feb-22,13:30:00,17/2/2022 13:30,0,1.731,1.6062,927,27.8,7.5,70.4,160,2.1
17-Feb-22,14:00:00,17/2/2022 14:00,0,1.523,1.731,999,27.8,0.1,71.5,159,2.6
17-Feb-22,14:30:00,17/2/2022 14:30,0,1.513,1.6946,978,27.7,0,72.6,160,2.9
17-Feb-22,15:00:00,17/2/2022 15:00,0.083,0.299,1.5803,912,27.6,2.7,74,163,3
17-Feb-22,15:30:00,17/2/2022 15:30,0.124,0.087,1.4468,835,27.5,4.7,75,167,3
17-Feb-22,16:00:00,17/2/2022 16:00,0.302,0.264,1.2545,724,27.4,9.1,75.7,171,3
17-Feb-22,16:30:00,17/2/2022 16:30,0,0.39,1.1956,690,27.3,1.9,76.3,175,2.9
17-Feb-22,17:00:00,17/2/2022 17:00,0.05,0.535,0.927,535,27.2,10.7,76.8,178,2.8
17-Feb-22,17:30:00,17/2/2022 17:30,0.851,0.009,0.752,434,27,9.7,77.1,183,2.6
17-Feb-22,18:00:00,17/2/2022 18:00,0.078,0.033,0.3968,229,26.8,35.5,77.4,191,2.4
17-Feb-22,18:30:00,17/2/2022 18:30,0.295,0,0.2582,149,26.6,35,77.3,195,2
17-Feb-22,19:00:00,17/2/2022 19:00,0.373,0,0.1404,81,26.5,24.3,77.1,193,1.6
17-Feb-22,19:30:00,17/2/2022 19:30,0.365,0,0.0243,14,26.6,42.5,76.6,187,1.5
17-Feb-22,20:00:00,17/2/2022 20:00,1.109,0,0,0,26.7,61.4,75.8,179,1.7
17-Feb-22,20:30:00,17/2/2022 20:30,1.235,0,0,0,26.8,82.5,75.4,165,1.7
17-Feb-22,21:00:00,17/2/2022 21:00,0.578,0,0,0,26.8,41.5,75.2,143,1.6
17-Feb-22,21:30:00,17/2/2022 21:30,1.389,0,0,0,26.7,44.7,75,118,1.6
17-Feb-22,22:00:00,17/2/2022 22:00,1.401,0,0,0,26.7,40.4,74.7,87,1.6
17-Feb-22,22:30:00,17/2/2022 22:30,0.411,0,0,0,26.6,24.7,74.5,70,1.9
17-Feb-22,23:00:00,17/2/2022 23:00,0.408,0,0,0,26.4,45,74.2,63,2.3
17-Feb-22,23:30:00,17/2/2022 23:30,0.531,0,0,0,26.2,40.8,74.7,63,2.7
18-Feb-22,0:00:00,18/2/2022 0:00,0.757,0,0,0,25.8,22.2,75.8,66,3.2
18-Feb-22,0:30:00,18/2/2022 0:30,0.599,0,0,0,25.4,21.7,77.6,67,3.6
18-Feb-22,1:00:00,18/2/2022 1:00,0.293,0,0,0,25,31.9,80.2,68,3.9
18-Feb-22,1:30:00,18/2/2022 1:30,0.28,0,0,0,24.7,26.2,82.2,68,3.8
18-Feb-22,2:00:00,18/2/2022 2:00,0.29,0,0,0,24.7,22.3,83.6,66,3.4
18-Feb-22,2:30:00,18/2/2022 2:30,0.276,0,0,0,24.6,17.7,84.9,65,3.2
18-Feb-22,3:00:00,18/2/2022 3:00,0.297,0,0,0,24.4,16,86.3,63,3.2
18-Feb-22,3:30:00,18/2/2022 3:30,0.268,0,0,0,24.2,17.3,87.4,61,3.2
18-Feb-22,4:00:00,18/2/2022 4:00,0.275,0,0,0,24,21.5,88.3,60,3.2
18-Feb-22,4:30:00,18/2/2022 4:30,0.276,0,0,0,23.9,19.1,88.9,57,3.2
18-Feb-22,5:00:00,18/2/2022 5:00,0.234,0,0,0,23.7,19.4,89.2,52,3.3
18-Feb-22,5:30:00,18/2/2022 5:30,0.455,0,0,0,23.7,20.8,89.1,48,3.3
18-Feb-22,6:00:00,18/2/2022 6:00,0.316,0,0,0,23.7,32.6,88.8,45,3.4
18-Feb-22,6:30:00,18/2/2022 6:30,0.255,0,0,0,23.8,17.1,88.6,44,3.5
18-Feb-22,7:00:00,18/2/2022 7:00,0.278,0,0,0,23.9,21.1,88.3,44,3.5
18-Feb-22,7:30:00,18/2/2022 7:30,0.273,0,0,0,24.1,27.2,88.2,45,3.5
18-Feb-22,8:00:00,18/2/2022 8:00,0.305,0,0.0482,35,24.3,23.6,88.2,47,3.5
18-Feb-22,8:30:00,18/2/2022 8:30,0.044,0.028,0.1761,128,24.5,12.2,87.9,49,3.5
18-Feb-22,9:00:00,18/2/2022 9:00,0,0.219,0.3618,263,24.8,2.6,87.4,52,3.4
18-Feb-22,9:30:00,18/2/2022 9:30,0,0.537,0.5448,396,25,0.2,86.5,55,3.4
18-Feb-22,10:00:00,18/2/2022 10:00,0,0.741,0.7154,520,25.4,0,85.4,58,3.4
18-Feb-22,10:30:00,18/2/2022 10:30,0,0.946,0.8736,635,25.7,0,84,60,3.5
18-Feb-22,11:00:00,18/2/2022 11:00,0,1.128,1.0084,733,26.2,0,82.1,60,3.6
18-Feb-22,11:30:00,18/2/2022 11:30,0.036,1.019,1.1185,813,26.8,0.1,79.4,61,3.6
18-Feb-22,12:00:00,18/2/2022 12:00,0,1.201,1.201,873,27.5,1,75.9,63,3.6
18-Feb-22,12:30:00,18/2/2022 12:30,0,1.105,1.113,809,28.3,13.6,72.3,66,3.3
18-Feb-22,13:00:00,18/2/2022 13:00,0,0.993,1.1185,813,29.2,16.5,68.7,71,2.9
18-Feb-22,13:30:00,18/2/2022 13:30,0,0.852,1.1253,818,29.9,17.3,65.4,83,2.5
18-Feb-22,14:00:00,18/2/2022 14:00,0,0.374,0.9671,703,30.5,28.6,62.3,105,2.2
18-Feb-22,14:30:00,18/2/2022 14:30,0,0.96,0.9864,717,30.8,25.1,60.7,131,2.1
18-Feb-22,15:00:00,18/2/2022 15:00,0,0.919,0.9713,706,30.9,22.7,60.5,157,2.3
18-Feb-22,15:30:00,18/2/2022 15:30,0,0.451,0.791,575,30.9,32.6,60.7,171,2.7
18-Feb-22,16:00:00,18/2/2022 16:00,0.434,0.03,0.7278,529,30.7,31.3,61.5,178,2.8
18-Feb-22,16:30:00,18/2/2022 16:30,0.231,0.196,0.6053,440,30.4,35.3,62.5,179,2.9
18-Feb-22,17:00:00,18/2/2022 17:00,0,0.422,0.4471,325,30.1,42.7,63.8,174,2.8
18-Feb-22,17:30:00,18/2/2022 17:30,0,0.134,0.3742,272,29.7,39.2,65.6,170,2.8
18-Feb-22,18:00:00,18/2/2022 18:00,0.117,0.046,0.2655,193,29.4,40.8,68,166,2.9
18-Feb-22,18:30:00,18/2/2022 18:30,0.202,0.003,0.1293,94,28.8,55.4,71.3,162,2.9
18-Feb-22,19:00:00,18/2/2022 19:00,0.324,0,0.033,24,28,74.1,75.5,157,2.9
18-Feb-22,19:30:00,18/2/2022 19:30,0.422,0,0.0041,3,27.5,80.1,78.3,150,2.8
18-Feb-22,20:00:00,18/2/2022 20:00,0.587,0,0,0,27.1,86.5,79.7,138,2.7
18-Feb-22,20:30:00,18/2/2022 20:30,1.573,0,0,0,26.9,84.6,80.9,125,2.6
18-Feb-22,21:00:00,18/2/2022 21:00,1.601,0,0,0,26.8,58.8,81.9,110,2.6
18-Feb-22,21:30:00,18/2/2022 21:30,1.352,0,0,0,26.7,26.4,82.9,98,2.7
18-Feb-22,22:00:00,18/2/2022 22:00,0.609,0,0,0,26.5,19.8,83.8,90,2.8
18-Feb-22,22:30:00,18/2/2022 22:30,1.192,0,0,0,26.4,19.4,84.4,84,2.9
18-Feb-22,23:00:00,18/2/2022 23:00,1.315,0,0,0,26.2,19.3,84.7,82,3
18-Feb-22,23:30:00,18/2/2022 23:30,0.36,0,0,0,26.1,17.7,85,79,3.1
19-Feb-22,0:00:00,19/2/2022 0:00,0.634,0,0,0,25.9,18.1,85.2,76,3.2
19-Feb-22,0:30:00,19/2/2022 0:30,0.916,0,0,0,25.8,18.2,85.7,72,3.1
19-Feb-22,1:00:00,19/2/2022 1:00,0.429,0,0,0,25.6,18.3,86.7,66,3
19-Feb-22,1:30:00,19/2/2022 1:30,0.326,0,0,0,25.4,19.3,87.3,61,2.8
19-Feb-22,2:00:00,19/2/2022 2:00,0.436,0,0,0,25.2,20.9,87.6,56,2.6
19-Feb-22,2:30:00,19/2/2022 2:30,0.321,0,0,0,25,20.3,88.1,53,2.5
19-Feb-22,3:00:00,19/2/2022 3:00,0.321,0,0,0,24.9,22.8,88.8,51,2.4
19-Feb-22,3:30:00,19/2/2022 3:30,0.327,0,0,0,24.7,49.2,89.4,47,2.4
19-Feb-22,4:00:00,19/2/2022 4:00,0.311,0,0,0,24.6,59.4,89.9,42,2.5
19-Feb-22,4:30:00,19/2/2022 4:30,0.294,0,0,0,24.4,64.8,90.2,39,2.7
19-Feb-22,5:00:00,19/2/2022 5:00,0.307,0,0,0,24.3,61.2,90.1,38,2.9
19-Feb-22,5:30:00,19/2/2022 5:30,0.387,0,0,0,24.1,52.6,89.9,40,3
19-Feb-22,6:00:00,19/2/2022 6:00,0.446,0,0,0,24.1,42.5,89.3,43,3.1
19-Feb-22,6:30:00,19/2/2022 6:30,0.303,0,0,0,24,21.4,88.7,45,3.1
19-Feb-22,7:00:00,19/2/2022 7:00,0.286,0,0,0,24,34,88.1,46,3
19-Feb-22,7:30:00,19/2/2022 7:30,0.254,0,0,0,24,33.8,87.8,47,3
19-Feb-22,8:00:00,19/2/2022 8:00,0.216,0,0.0335,23,24.2,40.1,87.7,50,3.1
19-Feb-22,8:30:00,19/2/2022 8:30,0.206,0,0.0655,45,24.7,64.3,85.8,50,3.2
19-Feb-22,9:00:00,19/2/2022 9:00,0.206,0,0.1544,106,25.5,58.3,82.4,49,3.3
19-Feb-22,9:30:00,19/2/2022 9:30,0.041,0.014,0.1573,108,26.4,72.3,78.5,47,3.2
19-Feb-22,10:00:00,19/2/2022 10:00,0.043,0.12,0.466,320,27.3,36.9,74.3,45,2.9
19-Feb-22,10:30:00,19/2/2022 10:30,0.005,0.409,0.5635,387,28.1,37.2,70.6,44,2.6
19-Feb-22,11:00:00,19/2/2022 11:00,0,0.375,0.5097,350,28.9,51.2,67.3,45,2.2
19-Feb-22,11:30:00,19/2/2022 11:30,0.001,0.719,0.6043,415,29.6,48.9,64.5,43,1.8
19-Feb-22,12:00:00,19/2/2022 12:00,0,1.363,1.0208,701,30.2,20.2,62.2,37,1.4
19-Feb-22,12:30:00,19/2/2022 12:30,0,1.024,1.181,811,30.7,13.1,60.6,33,0.9
19-Feb-22,13:00:00,19/2/2022 13:00,0,1.231,1.363,936,31.1,3.5,59.5,35,0.4
19-Feb-22,13:30:00,19/2/2022 13:30,0.009,0.391,0.9655,663,31.3,32.8,58.7,196,0.3
19-Feb-22,14:00:00,19/2/2022 14:00,0.012,0.386,0.881,605,31.3,38.8,58.3,203,1.1
19-Feb-22,14:30:00,19/2/2022 14:30,0.323,0.123,1.1766,808,31.3,16.8,58.3,205,1.9
19-Feb-22,15:00:00,19/2/2022 15:00,0.001,0.325,1.2916,887,31.1,5,59,207,2.5
19-Feb-22,15:30:00,19/2/2022 15:30,0.004,0.233,1.2713,873,30.9,0,60.1,207,2.9
19-Feb-22,16:00:00,19/2/2022 16:00,0.014,0.198,1.1577,795,30.6,0,61.8,206,3.1
19-Feb-22,16:30:00,19/2/2022 16:30,0,0.812,1.0208,701,30.2,0,63.8,202,3.1
19-Feb-22,17:00:00,19/2/2022 17:00,0.108,0.363,0.8664,595,29.6,0,66.1,196,3
19-Feb-22,17:30:00,19/2/2022 17:30,0.273,0,0.6946,477,29.3,0,67.7,190,2.7
19-Feb-22,18:00:00,19/2/2022 18:00,0.851,0,0.5111,351,29.1,0.5,68.7,184,2.3
19-Feb-22,18:30:00,19/2/2022 18:30,0.539,0,0.3276,225,28.8,0.4,70.5,171,2
19-Feb-22,19:00:00,19/2/2022 19:00,0.275,0,0.1311,90,28.4,22.8,73.2,149,1.8
19-Feb-22,19:30:00,19/2/2022 19:30,0.361,0,0.0204,14,28.1,25.4,74.9,125,1.7
19-Feb-22,20:00:00,19/2/2022 20:00,0.448,0,0,0,27.8,25,75.7,102,1.8
19-Feb-22,20:30:00,19/2/2022 20:30,0.647,0,0,0,27.6,14.9,76.5,92,2
19-Feb-22,21:00:00,19/2/2022 21:00,0.429,0,0,0,27.4,13.1,77.4,91,2.1
19-Feb-22,21:30:00,19/2/2022 21:30,0.381,0,0,0,27.2,14.3,78.2,92,2.2
19-Feb-22,22:00:00,19/2/2022 22:00,0.372,0,0,0,27.1,20.2,78.9,96,2.3
19-Feb-22,22:30:00,19/2/2022 22:30,0.385,0,0,0,26.9,19.5,79.6,95,2.3
19-Feb-22,23:00:00,19/2/2022 23:00,0.387,0,0,0,26.8,18.4,80.3,88,2.3
19-Feb-22,23:30:00,19/2/2022 23:30,0.363,0,0,0,26.6,18.9,81.1,81,2.4
20-Feb-22,0:00:00,20/2/2022 0:00,0.38,0,0,0,26.4,28.8,82.1,73,2.6
20-Feb-22,0:30:00,20/2/2022 0:30,0.372,0,0,0,26.2,51.5,82.9,67,2.7
20-Feb-22,1:00:00,20/2/2022 1:00,0.331,0,0,0,26,46.7,83.5,60,2.8
20-Feb-22,1:30:00,20/2/2022 1:30,0.282,0,0,0,25.8,37.7,84.1,54,2.8
20-Feb-22,2:00:00,20/2/2022 2:00,0.287,0,0,0,25.6,46.7,84.7,48,2.9
20-Feb-22,2:30:00,20/2/2022 2:30,0.272,0,0,0,25.4,47.3,85.4,42,3
20-Feb-22,3:00:00,20/2/2022 3:00,0.284,0,0,0,25.2,77.6,86,38,3
20-Feb-22,3:30:00,20/2/2022 3:30,0.292,0,0,0,25.1,84.1,86.6,36,3.1
20-Feb-22,4:00:00,20/2/2022 4:00,0.25,0,0,0,24.9,84,87.2,38,3.1
20-Feb-22,4:30:00,20/2/2022 4:30,0.224,0,0,0,24.8,83.2,87.6,40,3
20-Feb-22,5:00:00,20/2/2022 5:00,0.258,0,0,0,24.7,75.3,87.9,41,3
20-Feb-22,5:30:00,20/2/2022 5:30,0.239,0,0,0,24.6,86.6,88.3,40,2.9
20-Feb-22,6:00:00,20/2/2022 6:00,0.279,0,0,0,24.6,77.2,88.7,36,2.8
20-Feb-22,6:30:00,20/2/2022 6:30,0.274,0,0,0,24.5,68.2,89,33,2.7
20-Feb-22,7:00:00,20/2/2022 7:00,0.22,0,0,0,24.5,61.6,89.2,30,2.7
20-Feb-22,7:30:00,20/2/2022 7:30,0.251,0,0,0,24.6,65.4,88.9,31,2.6
20-Feb-22,8:00:00,20/2/2022 8:00,0.228,0,0.032,24,24.7,56,88.1,33,2.5
20-Feb-22,8:30:00,20/2/2022 8:30,0.051,0.028,0.1758,132,25.1,11.2,86.2,34,2.5
20-Feb-22,9:00:00,20/2/2022 9:00,0.001,0.162,0.3515,264,25.8,1.9,83.4,32,2.6
20-Feb-22,9:30:00,20/2/2022 9:30,0,0.47,0.5273,396,26.5,0.1,80.3,30,2.6
20-Feb-22,10:00:00,20/2/2022 10:00,0,0.718,0.6844,514,27.2,1,76.9,29,2.5
20-Feb-22,10:30:00,20/2/2022 10:30,0,0.789,0.8348,627,28,1.2,73.5,27,2.3
20-Feb-22,11:00:00,20/2/2022 11:00,0,1.106,0.9666,726,28.8,0.7,70,24,2
20-Feb-22,11:30:00,20/2/2022 11:30,0,0.631,1.0066,756,29.5,6.5,67.5,23,1.7
20-Feb-22,12:00:00,20/2/2022 12:00,0.002,0.595,1.0825,813,30,7.1,65.7,23,1.3
20-Feb-22,12:30:00,20/2/2022 12:30,0.005,0.513,1.0479,787,30.6,15.4,63.5,11,0.7
20-Feb-22,13:00:00,20/2/2022 13:00,0.037,1.185,1.1224,843,31.2,12.9,60.9,286,0.4
20-Feb-22,13:30:00,20/2/2022 13:30,0.442,0.071,1.1131,836,31.4,15,60,248,1.2
20-Feb-22,14:00:00,20/2/2022 14:00,0.29,0.062,1.0519,790,31.2,19.5,60.5,243,2.2
20-Feb-22,14:30:00,20/2/2022 14:30,0.158,0.044,1.185,890,30.8,7.4,62.7,245,2.9
20-Feb-22,15:00:00,20/2/2022 15:00,0.008,0.857,1.0905,819,30,10.9,66.6,249,3.3
20-Feb-22,15:30:00,20/2/2022 15:30,0,0.976,0.5552,417,29.4,51.7,69.7,253,3.4
20-Feb-22,16:00:00,20/2/2022 16:00,0.003,0.18,0.1371,103,29,86.8,71.9,259,3.1
20-Feb-22,16:30:00,20/2/2022 16:30,0.031,0.004,0.1971,148,28.9,78.1,72.3,266,2.8
20-Feb-22,17:00:00,20/2/2022 17:00,0.551,0,0.0426,32,29.2,94.5,70.8,275,2.4
20-Feb-22,17:30:00,20/2/2022 17:30,1.135,0,0.0519,39,29.2,91.4,70.6,288,2
20-Feb-22,18:00:00,20/2/2022 18:00,0.334,0.006,0.0493,37,29,88.4,71.7,306,1.8
20-Feb-22,18:30:00,20/2/2022 18:30,0.124,0,0.0253,19,28.6,91.6,73.6,327,1.5
20-Feb-22,19:00:00,20/2/2022 19:00,0.447,0,0.0067,5,28.1,93.5,76.2,357,1.4
20-Feb-22,19:30:00,20/2/2022 19:30,0.417,0,0.0027,2,27.7,93.3,78.5,10,1.6
20-Feb-22,20:00:00,20/2/2022 20:00,0.962,0,0,0,27.2,97,80.4,10,1.8
20-Feb-22,20:30:00,20/2/2022 20:30,1.471,0,0,0,26.8,96.4,81.9,8,2.1
20-Feb-22,21:00:00,20/2/2022 21:00,0.586,0,0,0,26.3,87,83.2,4,2.5
20-Feb-22,21:30:00,20/2/2022 21:30,0.404,0,0,0,26.1,73.7,84.3,8,2.7
20-Feb-22,22:00:00,20/2/2022 22:00,0.421,0,0,0,25.9,63.4,85.3,19,3
20-Feb-22,22:30:00,20/2/2022 22:30,0.757,0,0,0,25.8,82.5,86.4,27,3.1
20-Feb-22,23:00:00,20/2/2022 23:00,1.017,0,0,0,25.5,72.7,87.8,33,3.2
20-Feb-22,23:30:00,20/2/2022 23:30,0.423,0,0,0,25.4,58.5,88.7,37,3.3
21-Feb-22,0:00:00,21/2/2022 0:00,0.708,0,0,0,25.3,66.2,89.3,42,3.3
21-Feb-22,0:30:00,21/2/2022 0:30,0.534,0,0,0,25.2,77.9,89.7,44,3.4
21-Feb-22,1:00:00,21/2/2022 1:00,0.273,0,0,0,25.1,84.9,89.9,44,3.6
21-Feb-22,1:30:00,21/2/2022 1:30,0.268,0,0,0,25,78.7,90.2,44,3.7
21-Feb-22,2:00:00,21/2/2022 2:00,0.282,0,0,0,24.7,39.2,90.7,45,3.6
21-Feb-22,2:30:00,21/2/2022 2:30,0.257,0,0,0,24.6,57.8,90.9,44,3.5
21-Feb-22,3:00:00,21/2/2022 3:00,0.282,0,0,0,24.5,52.7,90.7,40,3.4
21-Feb-22,3:30:00,21/2/2022 3:30,0.24,0,0,0,24.4,31.6,90.5,39,3.2
21-Feb-22,4:00:00,21/2/2022 4:00,0.278,0,0,0,24.4,49.7,90.2,41,3
21-Feb-22,4:30:00,21/2/2022 4:30,0.247,0,0,0,24.3,52.2,90,42,3
21-Feb-22,5:00:00,21/2/2022 5:00,0.251,0,0,0,24.3,36,90,40,3.2
21-Feb-22,5:30:00,21/2/2022 5:30,0.283,0,0,0,24.2,34.9,90,37,3.3
21-Feb-22,6:00:00,21/2/2022 6:00,0.349,0,0,0,24.2,44.6,90,32,3.3
21-Feb-22,6:30:00,21/2/2022 6:30,0.255,0,0,0,24.1,39.6,90,29,3.3
21-Feb-22,7:00:00,21/2/2022 7:00,0.235,0,0,0,24,49.6,90,27,3.4
21-Feb-22,7:30:00,21/2/2022 7:30,0.263,0,0,0,24,51.5,89.9,28,3.4
21-Feb-22,8:00:00,21/2/2022 8:00,0.273,0,0.0306,24,24,40,89.6,34,3.4
21-Feb-22,8:30:00,21/2/2022 8:30,0.062,0.005,0.1147,90,24.4,35.2,87.8,37,3.4
21-Feb-22,9:00:00,21/2/2022 9:00,0.002,0.164,0.2945,231,25.1,12.9,84.7,38,3.3
21-Feb-22,9:30:00,21/2/2022 9:30,0,0.485,0.4959,389,25.9,0.2,81.2,38,3.3
21-Feb-22,10:00:00,21/2/2022 10:00,0,0.762,0.6578,516,26.7,0,77.4,36,3.4
21-Feb-22,10:30:00,21/2/2022 10:30,0,0.97,0.807,633,27.4,0,73.7,34,3.4
21-Feb-22,11:00:00,21/2/2022 11:00,0,1.058,0.9332,732,28.2,0,70,32,3.3
21-Feb-22,11:30:00,21/2/2022 11:30,0,1.07,1.0352,812,29,0,66.8,28,3.1
21-Feb-22,12:00:00,21/2/2022 12:00,0.027,1.104,1.1155,875,29.6,0.7,64.1,23,2.7
21-Feb-22,12:30:00,21/2/2022 12:30,0,1.211,1.1678,916,30.2,2.5,62,18,2.2
21-Feb-22,13:00:00,21/2/2022 13:00,0,1.109,1.243,975,30.6,0.2,60.5,15,1.7
21-Feb-22,13:30:00,21/2/2022 13:30,0,1.243,1.2124,951,31,4.5,59.1,2,1.1
21-Feb-22,14:00:00,21/2/2022 14:00,0.339,0.204,1.1818,927,31.4,6.6,57.8,315,0.7
21-Feb-22,14:30:00,21/2/2022 14:30,0.101,0.38,1.1257,883,31.6,8.7,57.4,266,0.9
21-Feb-22,15:00:00,21/2/2022 15:00,0,0.524,1.0046,788,31.6,14.7,57.6,248,1.5
21-Feb-22,15:30:00,21/2/2022 15:30,0,0.636,0.909,713,31.2,17.2,59.1,243,2
21-Feb-22,16:00:00,21/2/2022 16:00,0.38,0.044,0.8083,634,30.6,19,61.8,242,2.6
21-Feb-22,16:30:00,21/2/2022 16:30,0.166,0.187,0.7152,561,29.9,18.4,64.9,244,2.7
21-Feb-22,17:00:00,21/2/2022 17:00,0,0.477,0.5469,429,29.2,26.2,68.5,248,2.6
21-Feb-22,17:30:00,21/2/2022 17:30,0,0.272,0.3289,258,28.7,44.2,71.3,257,2.4
21-Feb-22,18:00:00,21/2/2022 18:00,0.069,0.034,0.1708,134,28.5,61.1,73.2,272,2.2
21-Feb-22,18:30:00,21/2/2022 18:30,0.362,0,0.0319,25,28.3,88.6,74.9,283,2.1
21-Feb-22,19:00:00,21/2/2022 19:00,0.563,0,0.0242,19,28.1,82.1,76.4,289,2.1
21-Feb-22,19:30:00,21/2/2022 19:30,0.841,0,0.0025,2,27.7,92.7,77.8,298,2.1
21-Feb-22,20:00:00,21/2/2022 20:00,0.665,0,0,0,27.1,93.6,79.1,309,2.1
21-Feb-22,20:30:00,21/2/2022 20:30,0.543,0,0,0,26.6,83.4,80.2,326,2
21-Feb-22,21:00:00,21/2/2022 21:00,0.561,0,0,0,26.3,84.8,81.1,348,2
21-Feb-22,21:30:00,21/2/2022 21:30,0.359,0,0,0,26.1,79.7,82,9,2.3
21-Feb-22,22:00:00,21/2/2022 22:00,0.383,0,0,0,25.8,81.4,82.8,26,2.7
21-Feb-22,22:30:00,21/2/2022 22:30,0.447,0,0,0,25.5,96.6,83.8,36,3.3
21-Feb-22,23:00:00,21/2/2022 23:00,0.77,0,0,0,25.1,93.2,85,41,3.8
21-Feb-22,23:30:00,21/2/2022 23:30,0.623,0,0,0,24.8,90.6,86,43,4.1
22-Feb-22,0:00:00,22/2/2022 0:00,0.319,0,0,0,24.6,77.6,86.8,44,4.2
22-Feb-22,0:30:00,22/2/2022 0:30,0.331,0,0,0,24.4,37.9,87.5,42,4.4
22-Feb-22,1:00:00,22/2/2022 1:00,0.281,0,0,0,24.4,28.9,88.2,40,4.5
22-Feb-22,1:30:00,22/2/2022 1:30,0.26,0,0,0,24.3,42.5,88.7,38,4.5
22-Feb-22,2:00:00,22/2/2022 2:00,0.277,0,0,0,24.2,71.9,89.1,39,4.4
22-Feb-22,2:30:00,22/2/2022 2:30,0.265,0,0,0,24.1,77.8,89.4,38,4.3
22-Feb-22,3:00:00,22/2/2022 3:00,0.269,0,0,0,24.1,80.2,89.6,37,4.1
22-Feb-22,3:30:00,22/2/2022 3:30,0.264,0,0,0,24,81.8,89.9,38,3.8
22-Feb-22,4:00:00,22/2/2022 4:00,0.243,0,0,0,23.9,73.6,90.2,41,3.5
22-Feb-22,4:30:00,22/2/2022 4:30,0.257,0,0,0,23.8,73.6,90.5,43,3.4
22-Feb-22,5:00:00,22/2/2022 5:00,0.472,0,0,0,23.7,67.4,90.8,44,3.3
22-Feb-22,5:30:00,22/2/2022 5:30,0.278,0,0,0,23.6,56.4,91.1,46,3.2
22-Feb-22,6:00:00,22/2/2022 6:00,0.308,0,0,0,23.5,52.6,91.2,49,3.2
22-Feb-22,6:30:00,22/2/2022 6:30,0.263,0,0,0,23.5,70.4,91.4,51,3.3
22-Feb-22,7:00:00,22/2/2022 7:00,0.165,0,0,0,23.5,89.9,91.6,51,3.5
22-Feb-22,7:30:00,22/2/2022 7:30,0.293,0,0,0,23.5,79.4,91.8,51,3.5
22-Feb-22,8:00:00,22/2/2022 8:00,0.274,0,0.0378,27,23.6,49.4,91.9,50,3.3
22-Feb-22,8:30:00,22/2/2022 8:30,0.076,0.005,0.1232,88,24,39,90.8,51,3.4
22-Feb-22,9:00:00,22/2/2022 9:00,0.003,0.154,0.2953,211,24.7,22.7,88.6,53,3.6
22-Feb-22,9:30:00,22/2/2022 9:30,0,0.338,0.5025,359,25.4,9.4,85.7,54,3.8
22-Feb-22,10:00:00,22/2/2022 10:00,0.005,0.37,0.6144,439,26.2,16,82.4,56,3.9
22-Feb-22,10:30:00,22/2/2022 10:30,0,0.846,0.7768,555,27.1,13,78.3,57,3.9
22-Feb-22,11:00:00,22/2/2022 11:00,0,1.125,0.9657,690,27.9,6.9,73.5,58,3.7
22-Feb-22,11:30:00,22/2/2022 11:30,0.045,0.667,1.0315,737,28.7,11.1,69.1,57,3.5
22-Feb-22,12:00:00,22/2/2022 12:00,0.022,0.812,1.1393,814,29.4,9.8,65.1,54,3.3
22-Feb-22,12:30:00,22/2/2022 12:30,0,1.182,1.2428,888,30.1,7.3,62,53,2.9
22-Feb-22,13:00:00,22/2/2022 13:00,0,1.387,1.2988,928,30.6,6.6,59.6,53,2.6
22-Feb-22,13:30:00,22/2/2022 13:30,0,0.756,1.3198,943,31.1,6.7,57.5,53,2.1
22-Feb-22,14:00:00,22/2/2022 14:00,0,0.333,1.387,991,31.4,1.4,55.7,50,1.6
22-Feb-22,14:30:00,22/2/2022 14:30,0.001,0.472,1.3506,965,31.8,1.4,54.4,48,1.1
22-Feb-22,15:00:00,22/2/2022 15:00,0.064,0.219,1.3058,933,32,0,53.5,49,0.5
22-Feb-22,15:30:00,22/2/2022 15:30,0.002,0.201,1.2176,870,32,0,53.6,198,0.2
22-Feb-22,16:00:00,22/2/2022 16:00,0.269,0.133,1.1057,790,31.7,0,54.8,213,0.8
22-Feb-22,16:30:00,22/2/2022 16:30,0,1.044,0.9587,685,31,1.5,58.6,217,1.5
22-Feb-22,17:00:00,22/2/2022 17:00,0,0.484,0.6018,430,29.8,27.2,65.4,220,2.1
22-Feb-22,17:30:00,22/2/2022 17:30,0.018,0.099,0.1735,124,28.8,73.8,71,225,2
22-Feb-22,18:00:00,22/2/2022 18:00,0.046,0.007,0.077,55,28,84.2,74.9,239,1.3
22-Feb-22,18:30:00,22/2/2022 18:30,0.272,0,0.042,30,27.7,85.6,76.6,267,0.6
22-Feb-22,19:00:00,22/2/2022 19:00,0.337,0,0.0364,26,27.7,67.8,76.1,0,0.5
22-Feb-22,19:30:00,22/2/2022 19:30,0.71,0,0.014,10,27.5,44.1,76.5,28,0.9
22-Feb-22,20:00:00,22/2/2022 20:00,1.533,0,0,0,26.9,54.3,77.8,32,1.3
22-Feb-22,20:30:00,22/2/2022 20:30,1.787,0,0,0,26.6,88.5,79.1,34,1.6
22-Feb-22,21:00:00,22/2/2022 21:00,1.55,0,0,0,26.3,96.5,80.2,34,1.8
22-Feb-22,21:30:00,22/2/2022 21:30,0.832,0,0,0,26.1,90.6,81.4,35,2.1
22-Feb-22,22:00:00,22/2/2022 22:00,0.407,0,0,0,25.9,93.4,82.6,36,2.5
22-Feb-22,22:30:00,22/2/2022 22:30,0.44,0,0,0,25.6,91.9,84.2,40,2.9
22-Feb-22,23:00:00,22/2/2022 23:00,0.856,0,0,0,25.3,75.5,86.2,46,3.2
22-Feb-22,23:30:00,22/2/2022 23:30,0.755,0,0,0,25.1,53.1,87.5,49,3.5
23-Feb-22,0:00:00,23/2/2022 0:00,0.354,0,0,0,25,49.3,88.4,49,3.9
23-Feb-22,0:30:00,23/2/2022 0:30,0.32,0,0,0,24.8,31.2,88.9,49,4
23-Feb-22,1:00:00,23/2/2022 1:00,0.301,0,0,0,24.6,31.7,89.1,47,3.8
23-Feb-22,1:30:00,23/2/2022 1:30,0.293,0,0,0,24.5,38.3,89.4,44,3.8
23-Feb-22,2:00:00,23/2/2022 2:00,0.278,0,0,0,24.4,45.2,89.8,40,3.8
23-Feb-22,2:30:00,23/2/2022 2:30,0.276,0,0,0,24.3,44.2,90.2,38,3.9
23-Feb-22,3:00:00,23/2/2022 3:00,0.277,0,0,0,24.2,38.9,90.4,38,3.9
23-Feb-22,3:30:00,23/2/2022 3:30,0.26,0,0,0,24.1,41.3,90.7,38,3.8
23-Feb-22,4:00:00,23/2/2022 4:00,0.257,0,0,0,24,45.3,90.9,39,3.7
23-Feb-22,4:30:00,23/2/2022 4:30,0.248,0,0,0,23.9,55.5,91.1,38,3.4
23-Feb-22,5:00:00,23/2/2022 5:00,0.238,0,0,0,23.8,50.9,91.4,34,3.1
23-Feb-22,5:30:00,23/2/2022 5:30,0.436,0,0,0,23.7,47.1,91.5,31,2.9
23-Feb-22,6:00:00,23/2/2022 6:00,0.273,0,0,0,23.7,57.2,91.5,27,2.8
23-Feb-22,6:30:00,23/2/2022 6:30,0.264,0,0,0,23.7,43.9,91.3,26,2.7
23-Feb-22,7:00:00,23/2/2022 7:00,0.239,0,0,0,23.6,50.3,91.1,28,2.6
23-Feb-22,7:30:00,23/2/2022 7:30,0.274,0,0,0,23.8,32.4,90.7,29,2.5
23-Feb-22,8:00:00,23/2/2022 8:00,0.163,0.011,0.0571,33,24,18.2,90.2,28,2.4
23-Feb-22,8:30:00,23/2/2022 8:30,0.001,0.141,0.218,126,24.4,7,88.9,28,2.5
23-Feb-22,9:00:00,23/2/2022 9:00,0,0.263,0.4238,245,25,3.4,86.7,28,2.6
23-Feb-22,9:30:00,23/2/2022 9:30,0,0.493,0.5864,339,25.6,9.6,84,27,2.7
23-Feb-22,10:00:00,23/2/2022 10:00,0,0.229,0.512,296,26.3,41,80.9,25,2.5
23-Feb-22,10:30:00,23/2/2022 10:30,0,0.504,0.7611,440,26.9,29,78.5,21,2.4
23-Feb-22,11:00:00,23/2/2022 11:00,0,0.861,1.0206,590,27.4,18,76.5,15,2.1
23-Feb-22,11:30:00,23/2/2022 11:30,0,0.957,1.313,759,27.8,5.9,74.8,13,2
23-Feb-22,12:00:00,23/2/2022 12:00,0.033,1.138,1.5033,869,28.1,0.6,73.3,15,2.1
23-Feb-22,12:30:00,23/2/2022 12:30,0,1.348,1.5517,897,28.6,3.4,70.8,15,2.2
23-Feb-22,13:00:00,23/2/2022 13:00,0,1.569,1.569,907,29.1,5.9,67.5,12,2.2
23-Feb-22,13:30:00,23/2/2022 13:30,0,1.363,1.2853,743,29.5,24,64.9,11,2.3
23-Feb-22,14:00:00,23/2/2022 14:00,0,1.024,1.2628,730,29.9,24.3,62.9,11,2.3
23-Feb-22,14:30:00,23/2/2022 14:30,0,1.367,1.4462,836,30.2,9.6,61.5,11,2.2
23-Feb-22,15:00:00,23/2/2022 15:00,0,1.197,1.223,707,30.3,19.1,60.7,10,2.2
23-Feb-22,15:30:00,23/2/2022 15:30,0,0.54,1.1054,639,30.4,20.9,60.4,13,2.2
23-Feb-22,16:00:00,23/2/2022 16:00,0,0.71,1.1019,637,30.4,12.6,60.8,19,2.3
23-Feb-22,16:30:00,23/2/2022 16:30,0,0.423,0.7767,449,30,30,62.9,27,2.4
23-Feb-22,17:00:00,23/2/2022 17:00,0.002,0.337,0.3927,227,29.4,57.3,67,35,2.7
23-Feb-22,17:30:00,23/2/2022 17:30,0.171,0.146,0.2526,146,28.7,64.9,70.7,41,3
23-Feb-22,18:00:00,23/2/2022 18:00,0,0.096,0.2387,138,28.1,52.1,74.1,45,3.2
23-Feb-22,18:30:00,23/2/2022 18:30,0.019,0.025,0.1211,70,27.4,62.3,77.3,46,3.4
23-Feb-22,19:00:00,23/2/2022 19:00,0.216,0,0.0277,16,26.7,81.2,80.3,45,3.5
23-Feb-22,19:30:00,23/2/2022 19:30,0.323,0,0.0104,6,26.1,51.5,82.8,43,3.5
23-Feb-22,20:00:00,23/2/2022 20:00,0.465,0,0,0,25.6,56.1,84.6,40,3.5
23-Feb-22,20:30:00,23/2/2022 20:30,0.743,0,0,0,25.3,59.2,85.9,39,3.5
23-Feb-22,21:00:00,23/2/2022 21:00,0.712,0,0,0,25.2,62,86.4,39,3.7
23-Feb-22,21:30:00,23/2/2022 21:30,0.853,0,0,0,25.1,36.9,86.8,39,3.6
23-Feb-22,22:00:00,23/2/2022 22:00,0.795,0,0,0,24.9,24.5,87.1,38,3.4
23-Feb-22,22:30:00,23/2/2022 22:30,0.832,0,0,0,24.8,23.9,87.5,37,3.4
23-Feb-22,23:00:00,23/2/2022 23:00,0.608,0,0,0,24.6,28.6,88,36,3.5
23-Feb-22,23:30:00,23/2/2022 23:30,0.374,0,0,0,24.5,53.5,88.3,37,3.5
24-Feb-22,0:00:00,24/2/2022 0:00,0.343,0,0,0,24.5,72.6,88.4,39,3.5
24-Feb-22,0:30:00,24/2/2022 0:30,0.446,0,0,0,24.4,96.4,88.5,39,3.5
24-Feb-22,1:00:00,24/2/2022 1:00,0.494,0,0,0,24.4,96.5,88.7,36,3.4
24-Feb-22,1:30:00,24/2/2022 1:30,0.345,0,0,0,24.3,96.5,88.9,35,3.3
24-Feb-22,2:00:00,24/2/2022 2:00,0.33,0,0,0,24.2,96.5,89.2,34,3.1
24-Feb-22,2:30:00,24/2/2022 2:30,0.283,0,0,0,24.1,94.9,89.3,34,2.9
24-Feb-22,3:00:00,24/2/2022 3:00,0.283,0,0,0,24,94,89.3,35,2.7
24-Feb-22,3:30:00,24/2/2022 3:30,0.286,0,0,0,23.9,93.7,89.3,34,2.5
24-Feb-22,4:00:00,24/2/2022 4:00,0.217,0,0,0,23.9,91.5,89.2,30,2.2
24-Feb-22,4:30:00,24/2/2022 4:30,0.276,0,0,0,23.9,85.4,89,24,1.9
24-Feb-22,5:00:00,24/2/2022 5:00,0.221,0,0,0,23.9,83.9,88.7,13,1.5
24-Feb-22,5:30:00,24/2/2022 5:30,0.412,0,0,0,24,89,88.3,357,1.1
24-Feb-22,6:00:00,24/2/2022 6:00,0.257,0,0,0,24,85.6,87.8,334,0.9
24-Feb-22,6:30:00,24/2/2022 6:30,0.214,0,0,0,24.1,79.1,87.4,300,1.1
24-Feb-22,7:00:00,24/2/2022 7:00,0.253,0,0,0,24.2,85.5,87.1,280,1.7
24-Feb-22,7:30:00,24/2/2022 7:30,0.241,0,0,0,24.1,87.1,87.7,274,2.4
24-Feb-22,8:00:00,24/2/2022 8:00,0.191,0,0.0155,19,24.1,65.7,89.1,273,3
24-Feb-22,8:30:00,24/2/2022 8:30,0.216,0,0.0588,72,24.1,52,89.9,270,3.6
24-Feb-22,9:00:00,24/2/2022 9:00,0.093,0.001,0.0972,119,24.3,56.8,90.1,268,4.2
24-Feb-22,9:30:00,24/2/2022 9:30,0.023,0.021,0.1242,152,24.5,62,90.2,266,4.6
24-Feb-22,10:00:00,24/2/2022 10:00,0.208,0.076,0.1879,230,24.6,56.5,90.1,266,4.8
24-Feb-22,10:30:00,24/2/2022 10:30,0.071,0.036,0.2173,266,24.8,58.4,89.4,267,4.8
24-Feb-22,11:00:00,24/2/2022 11:00,0.005,0.111,0.2492,305,25,59.1,88,268,4.7
24-Feb-22,11:30:00,24/2/2022 11:30,0.143,0.078,0.2533,310,25.3,62.8,86.4,271,4.4
24-Feb-22,12:00:00,24/2/2022 12:00,0.001,0.162,0.2663,326,25.6,64.1,84.5,276,4
24-Feb-22,12:30:00,24/2/2022 12:30,0,0.199,0.2721,333,25.6,65.4,83.7,283,3.5
24-Feb-22,13:00:00,24/2/2022 13:00,0,0.303,0.3423,419,25.3,58,83.9,292,2.9
24-Feb-22,13:30:00,24/2/2022 13:30,0.004,0.287,0.375,459,25.1,54.7,84.6,303,2.4
24-Feb-22,14:00:00,24/2/2022 14:00,0,0.353,0.3064,375,24.9,62.9,85.7,318,2
24-Feb-22,14:30:00,24/2/2022 14:30,0,0.348,0.2435,298,24.8,69.8,86.5,346,1.8
24-Feb-22,15:00:00,24/2/2022 15:00,0,0.375,0.2206,270,24.8,71.4,87,21,2.1
24-Feb-22,15:30:00,24/2/2022 15:30,0.025,0.303,0.2083,255,24.7,71.1,87.4,39,2.8
24-Feb-22,16:00:00,24/2/2022 16:00,0.483,0.041,0.1307,160,24.5,80.2,87.6,49,3.4
24-Feb-22,16:30:00,24/2/2022 16:30,0.004,0.047,0.0605,74,24.3,89.8,88.1,51,3.8
24-Feb-22,17:00:00,24/2/2022 17:00,0.21,0.011,0.0237,29,24.2,95.1,88.8,49,3.7
24-Feb-22,17:30:00,24/2/2022 17:30,0.218,0.001,0.0359,44,24,90.6,89.3,46,3.6
24-Feb-22,18:00:00,24/2/2022 18:00,0.247,0,0.04,49,23.9,86.3,89.6,41,3.5
24-Feb-22,18:30:00,24/2/2022 18:30,0.599,0,0.0123,15,23.8,93.7,89.9,36,3.4
24-Feb-22,19:00:00,24/2/2022 19:00,1.012,0,0.0106,13,23.8,87,90.2,31,3.4
24-Feb-22,19:30:00,24/2/2022 19:30,1.084,0,0.0033,4,23.9,87.1,90,27,3.3
24-Feb-22,20:00:00,24/2/2022 20:00,1.271,0,0,0,24.1,92.4,89.5,24,3
24-Feb-22,20:30:00,24/2/2022 20:30,0.398,0,0,0,24.2,80.4,89.2,23,2.8
24-Feb-22,21:00:00,24/2/2022 21:00,0.855,0,0,0,24.2,87.7,89.3,24,2.6
24-Feb-22,21:30:00,24/2/2022 21:30,1.32,0,0,0,24.3,89.1,89.4,24,2.5
24-Feb-22,22:00:00,24/2/2022 22:00,1.074,0,0,0,24.3,92.2,89.4,25,2.4
24-Feb-22,22:30:00,24/2/2022 22:30,0.488,0,0,0,24.4,91.1,89.3,24,2.2
24-Feb-22,23:00:00,24/2/2022 23:00,0.375,0,0,0,24.4,90.6,89.2,23,2
24-Feb-22,23:30:00,24/2/2022 23:30,0.349,0,0,0,24.4,86.6,88.9,20,1.9
25-Feb-22,0:00:00,25/2/2022 0:00,0.304,0,0,0,24.4,86.7,88.5,16,2
25-Feb-22,0:30:00,25/2/2022 0:30,0.321,0,0,0,24.3,85.7,88.4,14,2.2
25-Feb-22,1:00:00,25/2/2022 1:00,0.273,0,0,0,24.1,86.7,88.6,14,2.3
25-Feb-22,1:30:00,25/2/2022 1:30,0.427,0,0,0,24,83.1,88.9,15,2.2
25-Feb-22,2:00:00,25/2/2022 2:00,0.264,0,0,0,24,86.1,89.1,17,1.9
25-Feb-22,2:30:00,25/2/2022 2:30,0.259,0,0,0,23.9,89.7,89.5,22,1.9
25-Feb-22,3:00:00,25/2/2022 3:00,0.214,0,0,0,23.7,86,90,27,2.2
25-Feb-22,3:30:00,25/2/2022 3:30,0.265,0,0,0,23.5,83.1,90.4,28,2.3
25-Feb-22,4:00:00,25/2/2022 4:00,0.229,0,0,0,23.3,79,90.6,27,2.3
25-Feb-22,4:30:00,25/2/2022 4:30,0.225,0,0,0,23.1,70.4,90.9,29,2.3
25-Feb-22,5:00:00,25/2/2022 5:00,0.264,0,0,0,23.1,61.4,91.2,32,2.4
25-Feb-22,5:30:00,25/2/2022 5:30,0.232,0,0,0,23,39,91.8,33,2.4
25-Feb-22,6:00:00,25/2/2022 6:00,0.284,0,0,0,22.8,24.5,92.5,33,2.4
25-Feb-22,6:30:00,25/2/2022 6:30,0.247,0,0,0,22.8,22.2,92.8,35,2.4
25-Feb-22,7:00:00,25/2/2022 7:00,0.303,0,0,0,22.8,21.7,92.6,39,2.4
25-Feb-22,7:30:00,25/2/2022 7:30,0.279,0,0.0013,1,22.9,18.7,92.2,37,2.4
25-Feb-22,8:00:00,25/2/2022 8:00,0.218,0,0.0546,43,23.1,14.9,91.7,29,2.3
25-Feb-22,8:30:00,25/2/2022 8:30,0.005,0.115,0.189,149,23.5,4.8,90.2,26,2.4
25-Feb-22,9:00:00,25/2/2022 9:00,0,0.195,0.3476,274,24.1,3.3,88.1,26,2.7
25-Feb-22,9:30:00,25/2/2022 9:30,0,0.47,0.4999,394,24.8,3.4,85.4,26,2.8
25-Feb-22,10:00:00,25/2/2022 10:00,0.001,0.392,0.6293,496,25.5,6.6,82.4,26,2.8
25-Feb-22,10:30:00,25/2/2022 10:30,0,0.688,0.6394,504,26.2,21.3,79.1,23,2.8
25-Feb-22,11:00:00,25/2/2022 11:00,0.129,0.257,0.6458,509,27,31.9,75.6,19,2.7
25-Feb-22,11:30:00,25/2/2022 11:30,0.061,0.699,0.8856,698,27.6,16.2,72.7,13,2.6
25-Feb-22,12:00:00,25/2/2022 12:00,0,1.097,1.0581,834,28,7.6,70.3,3,2.3
25-Feb-22,12:30:00,25/2/2022 12:30,0,0.721,0.8564,675,28.3,29.4,69.3,347,2.1
25-Feb-22,13:00:00,25/2/2022 13:00,0,1.1,0.963,759,28.3,23.3,69.6,328,2.1
25-Feb-22,13:30:00,25/2/2022 13:30,0,0.749,1.0442,823,28.4,18.2,69.9,317,2.2
25-Feb-22,14:00:00,25/2/2022 14:00,0,1.084,1.1,867,28.5,12.9,70.2,314,2.3
25-Feb-22,14:30:00,25/2/2022 14:30,0,0.296,0.9046,713,28.5,25.8,70.8,310,2.3
25-Feb-22,15:00:00,25/2/2022 15:00,0,0.287,0.9439,744,28.3,18.1,71.9,303,2.1
25-Feb-22,15:30:00,25/2/2022 15:30,0.18,0.176,0.7295,575,28.2,32,72.7,303,2
25-Feb-22,16:00:00,25/2/2022 16:00,0.201,0.008,0.7574,597,28.1,21.6,73.2,309,2
25-Feb-22,16:30:00,25/2/2022 16:30,0.402,0.028,0.7777,613,27.9,7.9,74,318,1.8
25-Feb-22,17:00:00,25/2/2022 17:00,0.035,0.38,0.6369,502,27.8,10,74.9,334,1.7
25-Feb-22,17:30:00,25/2/2022 17:30,0,0.255,0.4263,336,27.6,23.4,75.9,347,1.6
25-Feb-22,18:00:00,25/2/2022 18:00,0.086,0.11,0.2258,178,27.4,42.8,76.9,355,1.6
25-Feb-22,18:30:00,25/2/2022 18:30,0.211,0,0.1307,103,27.1,45.9,78.7,354,1.5
25-Feb-22,19:00:00,25/2/2022 19:00,0.2,0,0.0482,38,26.6,57.8,81.1,343,1.5
25-Feb-22,19:30:00,25/2/2022 19:30,0.361,0,0.0101,8,26.1,40.5,83.1,352,1.5
25-Feb-22,20:00:00,25/2/2022 20:00,0.573,0,0,0,25.6,34.4,84.5,12,1.9
25-Feb-22,20:30:00,25/2/2022 20:30,1.557,0,0,0,25.2,58.9,85.8,22,2.2
25-Feb-22,21:00:00,25/2/2022 21:00,1.74,0,0,0,24.9,52.3,87,26,2.2
25-Feb-22,21:30:00,25/2/2022 21:30,0.753,0,0,0,24.7,68,87.5,30,2.1
25-Feb-22,22:00:00,25/2/2022 22:00,0.74,0,0,0,24.6,96.9,87.3,34,1.8
25-Feb-22,22:30:00,25/2/2022 22:30,1.399,0,0,0,24.4,93.3,87.6,33,1.9
25-Feb-22,23:00:00,25/2/2022 23:00,1.33,0,0,0,24.2,92.9,88.3,30,2.2
25-Feb-22,23:30:00,25/2/2022 23:30,0.535,0,0,0,24,71.1,88.6,28,2.2
26-Feb-22,0:00:00,26/2/2022 0:00,0.761,0,0,0,23.9,53.3,88.3,26,1.9
26-Feb-22,0:30:00,26/2/2022 0:30,0.44,0,0,0,23.8,38.9,88.2,23,1.7
26-Feb-22,1:00:00,26/2/2022 1:00,0.507,0,0,0,23.8,30.7,88.2,19,1.7
26-Feb-22,1:30:00,26/2/2022 1:30,0.256,0,0,0,23.7,55.8,88.4,9,1.6
26-Feb-22,2:00:00,26/2/2022 2:00,0.254,0,0,0,23.7,81.4,88.7,351,1.5
26-Feb-22,2:30:00,26/2/2022 2:30,0.435,0,0,0,23.6,87,89,339,1.4
26-Feb-22,3:00:00,26/2/2022 3:00,0.278,0,0,0,23.6,96.7,89.1,332,1.2
26-Feb-22,3:30:00,26/2/2022 3:30,0.265,0,0,0,23.6,97,88.9,323,1.2
26-Feb-22,4:00:00,26/2/2022 4:00,0.42,0,0,0,23.7,96.5,88.4,318,1.6
26-Feb-22,4:30:00,26/2/2022 4:30,0.384,0,0,0,23.7,91.1,88.3,319,1.7
26-Feb-22,5:00:00,26/2/2022 5:00,0.242,0,0,0,23.7,76.9,88.5,324,1.6
26-Feb-22,5:30:00,26/2/2022 5:30,0.322,0,0,0,23.6,68.3,88.7,326,1.4
26-Feb-22,6:00:00,26/2/2022 6:00,0.352,0,0,0,23.6,57.5,88.8,324,1.2
26-Feb-22,6:30:00,26/2/2022 6:30,0.238,0,0,0,23.6,50.7,88.7,311,0.9
26-Feb-22,7:00:00,26/2/2022 7:00,0.241,0,0,0,23.6,47.6,88.3,280,0.7
26-Feb-22,7:30:00,26/2/2022 7:30,0.216,0,0,0,23.8,47.2,87.8,261,0.6
26-Feb-22,8:00:00,26/2/2022 8:00,0.177,0,0.0333,31,24.1,39.6,87,245,0.2
26-Feb-22,8:30:00,26/2/2022 8:30,0.095,0.004,0.1267,118,24.5,22.8,85.9,121,0.1
26-Feb-22,9:00:00,26/2/2022 9:00,0.001,0.147,0.2533,236,24.9,15.3,84.3,92,0.3
26-Feb-22,9:30:00,26/2/2022 9:30,0,0.395,0.3875,361,25.4,10.4,82.6,104,0.4
26-Feb-22,10:00:00,26/2/2022 10:00,0,0.574,0.4959,462,26,12.4,80.9,124,0.6
26-Feb-22,10:30:00,26/2/2022 10:30,0,0.775,0.5968,556,26.5,13.6,79.2,150,0.8
26-Feb-22,11:00:00,26/2/2022 11:00,0.011,0.116,0.5389,502,26.9,32.6,77.5,169,1.3
26-Feb-22,11:30:00,26/2/2022 11:30,0.142,0.216,0.5732,534,27.2,36,76.2,180,1.7
26-Feb-22,12:00:00,26/2/2022 12:00,0.021,0.362,0.6247,582,27.5,36,75.3,189,1.9
26-Feb-22,12:30:00,26/2/2022 12:30,0.012,0.135,0.6999,652,27.4,32.5,75.6,196,2
26-Feb-22,13:00:00,26/2/2022 13:00,0,0.745,0.775,722,27.1,27.9,77,200,1.9
26-Feb-22,13:30:00,26/2/2022 13:30,0.009,0.405,0.6752,629,27,38.2,77.3,204,1.8
26-Feb-22,14:00:00,26/2/2022 14:00,0.003,0.171,0.57,531,27,47.7,76.5,206,1.6
26-Feb-22,14:30:00,26/2/2022 14:30,0,0.248,0.6033,562,27.4,43.3,74,210,1.4
26-Feb-22,15:00:00,26/2/2022 15:00,0.176,0.199,0.5346,498,28.2,47.4,70.2,216,1.3
26-Feb-22,15:30:00,26/2/2022 15:30,0.839,0,0.6022,561,28.7,36.6,67.5,215,1.3
26-Feb-22,16:00:00,26/2/2022 16:00,0.84,0,0.5689,530,29,34.3,65.8,206,1.3
26-Feb-22,16:30:00,26/2/2022 16:30,0.427,0.113,0.4358,406,29,43.1,65.1,197,1.3
26-Feb-22,17:00:00,26/2/2022 17:00,0,0.355,0.351,327,28.9,45.9,65.3,187,1.5
26-Feb-22,17:30:00,26/2/2022 17:30,0.253,0.123,0.2855,266,28.7,45.1,66.4,178,1.5
26-Feb-22,18:00:00,26/2/2022 18:00,0.649,0.017,0.1664,155,28.4,56.9,68.2,167,1.4
26-Feb-22,18:30:00,26/2/2022 18:30,0.052,0.029,0.1149,107,27.9,54.1,71,152,1.3
26-Feb-22,19:00:00,26/2/2022 19:00,0.139,0,0.0408,38,27.2,62.5,74.7,132,1.3
26-Feb-22,19:30:00,26/2/2022 19:30,0.489,0,0.0086,8,26.6,59.6,77.8,101,1.4
26-Feb-22,20:00:00,26/2/2022 20:00,0.663,0,0,0,26.1,45.2,80.1,75,2
26-Feb-22,20:30:00,26/2/2022 20:30,0.965,0,0,0,25.7,46.7,82.4,64,2.5
26-Feb-22,21:00:00,26/2/2022 21:00,0.547,0,0,0,25.4,60.5,84.6,58,2.9
26-Feb-22,21:30:00,26/2/2022 21:30,0.361,0,0,0,25.1,68.8,86.2,54,3.1
26-Feb-22,22:00:00,26/2/2022 22:00,0.366,0,0,0,24.9,59.4,87.2,50,3.3
26-Feb-22,22:30:00,26/2/2022 22:30,0.392,0,0,0,24.7,36.9,87.8,48,3.6
26-Feb-22,23:00:00,26/2/2022 23:00,0.401,0,0,0,24.5,36.8,88.1,47,4
26-Feb-22,23:30:00,26/2/2022 23:30,0.359,0,0,0,24.4,39.6,88.7,46,4.2
27-Feb-22,0:00:00,27/2/2022 0:00,0.342,0,0,0,24.3,41.8,89.4,43,4.3
27-Feb-22,0:30:00,27/2/2022 0:30,0.372,0,0,0,24.1,82.8,90.2,42,4.4
27-Feb-22,1:00:00,27/2/2022 1:00,0.334,0,0,0,24,73.2,90.9,43,4.5
27-Feb-22,1:30:00,27/2/2022 1:30,0.273,0,0,0,24,72.6,91.6,43,4.4
27-Feb-22,2:00:00,27/2/2022 2:00,0.268,0,0,0,23.9,78.2,92.3,43,4.1
27-Feb-22,2:30:00,27/2/2022 2:30,0.251,0,0,0,23.9,51.9,92.7,43,3.8
27-Feb-22,3:00:00,27/2/2022 3:00,0.244,0,0,0,23.9,53.8,92.8,43,3.7
27-Feb-22,3:30:00,27/2/2022 3:30,0.209,0,0,0,23.8,57.1,93,42,3.5
27-Feb-22,4:00:00,27/2/2022 4:00,0.269,0,0,0,23.8,54.7,93.2,41,3.3
27-Feb-22,4:30:00,27/2/2022 4:30,0.2,0,0,0,23.7,38.6,93.6,39,3
27-Feb-22,5:00:00,27/2/2022 5:00,0.233,0,0,0,23.6,42.1,94,36,2.6
27-Feb-22,5:30:00,27/2/2022 5:30,0.216,0,0,0,23.5,52.7,94.4,30,2.1
27-Feb-22,6:00:00,27/2/2022 6:00,0.212,0,0,0,23.5,49.3,94.9,16,1.5
27-Feb-22,6:30:00,27/2/2022 6:30,0.221,0,0,0,23.4,47.4,95.4,332,1
27-Feb-22,7:00:00,27/2/2022 7:00,0.217,0,0,0,23.4,49.3,95.9,278,1.6
27-Feb-22,7:30:00,27/2/2022 7:30,0.177,0,0.0015,1,23.4,40.4,96,289,1.7
27-Feb-22,8:00:00,27/2/2022 8:00,0.143,0,0.053,35,23.5,24.5,95.7,347,1.9
27-Feb-22,8:30:00,27/2/2022 8:30,0.01,0.054,0.1303,86,23.6,41.9,95.3,11,2.6
27-Feb-22,9:00:00,27/2/2022 9:00,0.002,0.202,0.2817,186,23.7,34,94.6,24,3
27-Feb-22,9:30:00,27/2/2022 9:30,0.004,0.225,0.4514,298,23.9,26.8,93.9,32,3.3
27-Feb-22,10:00:00,27/2/2022 10:00,0.136,0.432,0.727,480,24.1,9,92.9,37,3.5
27-Feb-22,10:30:00,27/2/2022 10:30,0.003,0.629,0.8527,563,24.4,12.7,91.5,42,3.6
27-Feb-22,11:00:00,27/2/2022 11:00,0.001,0.742,0.9315,615,24.8,17.7,89.6,47,3.7
27-Feb-22,11:30:00,27/2/2022 11:30,0,1.038,1.1511,760,25,9.2,88.3,50,3.6
27-Feb-22,12:00:00,27/2/2022 12:00,0,0.959,1.0845,716,25.1,21.1,87.5,50,3.4
27-Feb-22,12:30:00,27/2/2022 12:30,0.006,1.051,1.2496,825,25.1,14.5,86.6,51,3.3
27-Feb-22,13:00:00,27/2/2022 13:00,0.537,0.127,1.1405,753,25.2,24.6,85.7,51,3.2
27-Feb-22,13:30:00,27/2/2022 13:30,0.45,0.142,1.0057,664,25.4,34.6,84.9,53,3.2
27-Feb-22,14:00:00,27/2/2022 14:00,0.238,0.453,1.0163,671,25.8,33.4,84.3,56,3.1
27-Feb-22,14:30:00,27/2/2022 14:30,0.001,0.893,1.1784,778,26.2,20.2,82.8,59,3.2
27-Feb-22,15:00:00,27/2/2022 15:00,0,1.295,1.295,855,26.7,7.8,80.5,62,3.5
27-Feb-22,15:30:00,27/2/2022 15:30,0,0.866,1.0133,669,27.1,22.7,78.7,62,3.7
27-Feb-22,16:00:00,27/2/2022 16:00,0,0.646,0.9179,606,27.3,22.7,77.4,58,3.9
27-Feb-22,16:30:00,27/2/2022 16:30,0.331,0.064,0.8224,543,27.5,21.8,76.5,56,4.2
27-Feb-22,17:00:00,27/2/2022 17:00,0.97,0,0.0909,60,27.6,90.2,75.7,54,4.4
27-Feb-22,17:30:00,27/2/2022 17:30,1.081,0,0.0227,15,27.6,96.9,75.9,54,4.7
27-Feb-22,18:00:00,27/2/2022 18:00,0.478,0,0.0151,10,27.4,97,77,54,5
27-Feb-22,18:30:00,27/2/2022 18:30,0.453,0,0.0091,6,27,96.9,78.9,53,5.3
27-Feb-22,19:00:00,27/2/2022 19:00,0.99,0,0.0061,4,26.2,94.5,81.7,52,5.5
27-Feb-22,19:30:00,27/2/2022 19:30,0.671,0,0.003,2,25.4,92.4,84.4,50,5.7
27-Feb-22,20:00:00,27/2/2022 20:00,1.297,0,0,0,24.8,80.8,86.8,47,5.6
27-Feb-22,20:30:00,27/2/2022 20:30,0.421,0,0,0,24.4,81.2,88.5,45,5.6
27-Feb-22,21:00:00,27/2/2022 21:00,1.18,0,0,0,24.2,87.4,89.6,44,5.6
27-Feb-22,21:30:00,27/2/2022 21:30,0.825,0,0,0,24.1,93.7,90.1,44,5.5
27-Feb-22,22:00:00,27/2/2022 22:00,0.396,0,0,0,24,93.6,90.1,44,5.2
27-Feb-22,22:30:00,27/2/2022 22:30,0.682,0,0,0,24,93.9,90,44,5.1
27-Feb-22,23:00:00,27/2/2022 23:00,0.74,0,0,0,24,80.5,89.7,44,5.2
27-Feb-22,23:30:00,27/2/2022 23:30,0.519,0,0,0,24,77.9,89.6,45,5.2
28-Feb-22,0:00:00,28/2/2022 0:00,0.719,0,0,0,24,82.1,89.8,45,5.1
28-Feb-22,0:30:00,28/2/2022 0:30,0.629,0,0,0,24,92.3,89.9,47,5.1
28-Feb-22,1:00:00,28/2/2022 1:00,0.483,0,0,0,23.9,88.2,90.1,50,4.9
28-Feb-22,1:30:00,28/2/2022 1:30,0.255,0,0,0,23.9,81.3,90.1,51,4.8
28-Feb-22,2:00:00,28/2/2022 2:00,0.262,0,0,0,23.9,89.4,90.1,50,4.8
28-Feb-22,2:30:00,28/2/2022 2:30,0.269,0,0,0,23.9,70.4,90,49,4.7
28-Feb-22,3:00:00,28/2/2022 3:00,0.251,0,0,0,23.8,52.1,90,49,4.6
28-Feb-22,3:30:00,28/2/2022 3:30,0.277,0,0,0,23.8,27.4,90.1,50,4.4
28-Feb-22,4:00:00,28/2/2022 4:00,0.261,0,0,0,23.7,26.9,90.2,51,4.2
28-Feb-22,4:30:00,28/2/2022 4:30,0.256,0,0,0,23.6,20.1,90.5,53,4.1
28-Feb-22,5:00:00,28/2/2022 5:00,0.226,0,0,0,23.5,18.4,90.9,54,4.1
28-Feb-22,5:30:00,28/2/2022 5:30,0.263,0,0,0,23.4,19.4,91.4,53,4.1
28-Feb-22,6:00:00,28/2/2022 6:00,0.255,0,0,0,23.3,28.9,91.7,51,4.1
28-Feb-22,6:30:00,28/2/2022 6:30,0.242,0,0,0,23.2,41.5,91.9,49,4.1
28-Feb-22,7:00:00,28/2/2022 7:00,0.247,0,0,0,23.2,24,91.9,48,4
28-Feb-22,7:30:00,28/2/2022 7:30,0.214,0,0.0016,1,23.3,20.9,91.8,46,3.9
28-Feb-22,8:00:00,28/2/2022 8:00,0.236,0,0.0628,39,23.5,14.2,91.7,45,3.9
28-Feb-22,8:30:00,28/2/2022 8:30,0.016,0.046,0.2349,146,23.9,0.4,90.1,45,4
28-Feb-22,9:00:00,28/2/2022 9:00,0.105,0.144,0.436,271,24.7,0,87.1,46,4.4
28-Feb-22,9:30:00,28/2/2022 9:30,0.001,0.306,0.642,399,25.5,0,83.6,47,4.7
28-Feb-22,10:00:00,28/2/2022 10:00,0,0.666,0.8431,524,26.3,0,79.5,48,5.1
28-Feb-22,10:30:00,28/2/2022 10:30,0,1.034,0.9992,621,27.1,2.8,75.8,48,5.4
28-Feb-22,11:00:00,28/2/2022 11:00,0,0.914,1.1086,689,27.8,7.5,72.4,48,5.5
28-Feb-22,11:30:00,28/2/2022 11:30,0,1.066,1.1118,691,28.5,17.2,69.5,48,5.6
28-Feb-22,12:00:00,28/2/2022 12:00,0,0.893,1.2228,760,29.1,16.3,67,47,5.5
28-Feb-22,12:30:00,28/2/2022 12:30,0.027,0.916,1.1987,745,29.7,22.7,65,47,5.4
28-Feb-22,13:00:00,28/2/2022 13:00,0,1.395,1.5575,968,30.1,3.1,63.3,47,5.2
28-Feb-22,13:30:00,28/2/2022 13:30,0,1.609,1.5398,957,30.4,5.7,63,47,5.1
28-Feb-22,14:00:00,28/2/2022 14:00,0,1.458,1.609,1000,30.5,0.7,63.9,48,5
28-Feb-22,14:30:00,28/2/2022 14:30,,,1.543,959,30.6,1.6,63.9,49,4.8
28-Feb-22,15:00:00,28/2/2022 15:00,,,1.4835,922,30.8,0.6,62.9,50,4.6
28-Feb-22,15:30:00,28/2/2022 15:30,0.019,0.344,1.366,849,30.7,1.9,63.5,51,4.4
28-Feb-22,16:00:00,28/2/2022 16:00,0.011,0.802,1.1617,722,30.4,8.3,65.6,54,4.1
28-Feb-22,16:30:00,28/2/2022 16:30,0.001,0.572,0.65,404,29.9,41.7,68.3,56,3.9
28-Feb-22,17:00:00,28/2/2022 17:00,0.002,0.117,0.687,427,29.3,26.3,71.8,58,3.8
28-Feb-22,17:30:00,28/2/2022 17:30,0.689,0.013,0.2414,150,28.7,68.8,74.8,59,3.9
28-Feb-22,18:00:00,28/2/2022 18:00,0.827,0,0.0676,42,28.1,87.1,77.3,58,4.2
28-Feb-22,18:30:00,28/2/2022 18:30,0.364,0,0.0547,34,27.6,83.4,79.7,57,4.3
28-Feb-22,19:00:00,28/2/2022 19:00,0.405,0,0.037,23,27,75.5,81.8,55,4.1
28-Feb-22,19:30:00,28/2/2022 19:30,0.999,0,0.0064,4,26.5,86.6,83.7,54,4
28-Feb-22,20:00:00,28/2/2022 20:00,0.882,0,0,0,25.9,96,85.4,55,3.9
28-Feb-22,20:30:00,28/2/2022 20:30,1.173,0,0,0,25.6,94.2,86.4,55,3.9
28-Feb-22,21:00:00,28/2/2022 21:00,0.604,0,0,0,25.4,79.2,86.8,56,4
28-Feb-22,21:30:00,28/2/2022 21:30,1.008,0,0,0,25.2,78.7,87.2,56,4.2
28-Feb-22,22:00:00,28/2/2022 22:00,1.359,0,0,0,25.1,49.4,87.5,57,4.5
28-Feb-22,22:30:00,28/2/2022 22:30,1.057,0,0,0,24.9,38.7,88.1,56,4.7
28-Feb-22,23:00:00,28/2/2022 23:00,0.444,0,0,0,24.7,39.9,88.9,53,4.9
28-Feb-22,23:30:00,28/2/2022 23:30,0.762,0,0,0,24.5,45.9,89.5,51,5
